time,loop,owner,process,pid,cpu_percent,private_mb,working_set_mb,threads,handles,priority,responding,action
2026-04-29T01:07:44.4099916+02:00,1,"ZARZĄDZANIE NT\SYSTEM","rustdesk",4312,0,4.66,19.04,5,226,"Normal","True",""
2026-04-29T01:07:44.4099916+02:00,1,"ZARZĄDZANIE NT\SYSTEM","rustdesk",5372,0,229.12,193.36,81,697,"Normal","True",""
2026-04-29T01:07:44.4099916+02:00,1,"DESKTOP-KNEKQN9\Asus","explorer",7620,0,225.36,348.67,108,4793,"Normal","True",""
2026-04-29T01:07:44.4099916+02:00,1,"DESKTOP-KNEKQN9\Asus","rustdesk",10768,0,6.46,21.87,18,208,"Normal","True",""
2026-04-29T01:07:44.4099916+02:00,1,"DESKTOP-KNEKQN9\Asus","rustdesk",8396,0,119.04,118.72,37,572,"Normal","True",""
2026-04-29T01:07:44.4099916+02:00,1,"DESKTOP-KNEKQN9\Asus","mstsc",4068,0,323.84,299.81,36,1438,"Normal","True",""
2026-04-29T01:07:44.4099916+02:00,1,"DESKTOP-KNEKQN9\Asus","mstsc",6644,0,325.38,299.64,35,1417,"Normal","True",""
2026-04-29T01:07:44.4099916+02:00,1,"DESKTOP-KNEKQN9\Asus","mstsc",7580,0,321.05,298.32,36,1417,"Normal","True",""
2026-04-29T01:07:44.4099916+02:00,1,"DESKTOP-KNEKQN9\Acc3","uihost",11512,0,10.14,26.68,56,497,"Normal","True",""
2026-04-29T01:07:44.4099916+02:00,1,"DESKTOP-KNEKQN9\Acc3","rdpclip",11612,0,2.55,13.61,10,326,"Normal","True",""
2026-04-29T01:07:44.4099916+02:00,1,"DESKTOP-KNEKQN9\Acc3","sihost",12340,0,6.59,43.82,12,668,"Normal","True",""
2026-04-29T01:07:44.4099916+02:00,1,"DESKTOP-KNEKQN9\Acc1","rdpclip",12656,0,2.52,13.59,10,328,"Normal","True",""
2026-04-29T01:07:44.4099916+02:00,1,"DESKTOP-KNEKQN9\Acc1","sihost",12908,0,6.52,43.78,12,667,"Normal","True",""
2026-04-29T01:07:44.4099916+02:00,1,"DESKTOP-KNEKQN9\Acc1","uihost",13004,0,10.36,26.7,56,499,"Normal","True",""
2026-04-29T01:07:44.4099916+02:00,1,"DESKTOP-KNEKQN9\Acc3","taskhostw",13276,0,3.45,15.31,5,242,"Normal","True",""
2026-04-29T01:07:44.4099916+02:00,1,"DESKTOP-KNEKQN9\Acc2","rdpclip",10340,0,2.52,13.6,10,329,"Normal","True",""
2026-04-29T01:07:44.4099916+02:00,1,"DESKTOP-KNEKQN9\Acc2","uihost",13688,0,9.83,26.63,56,497,"Normal","True",""
2026-04-29T01:07:44.4099916+02:00,1,"DESKTOP-KNEKQN9\Acc2","sihost",13780,0,6.68,43.91,13,673,"Normal","True",""
2026-04-29T01:07:44.4099916+02:00,1,"DESKTOP-KNEKQN9\Acc3","explorer",14092,0,114.07,198,44,2502,"Normal","True",""
2026-04-29T01:07:44.4099916+02:00,1,"DESKTOP-KNEKQN9\Acc1","taskhostw",14164,0,3.45,15.34,5,243,"Normal","True",""
2026-04-29T01:07:44.4099916+02:00,1,"DESKTOP-KNEKQN9\Acc3","shellhost",13792,0,37.25,64.51,7,443,"Normal","True",""
2026-04-29T01:07:44.4099916+02:00,1,"DESKTOP-KNEKQN9\Acc1","explorer",14512,0,115.8,199,44,2491,"Normal","True",""
2026-04-29T01:07:44.4099916+02:00,1,"DESKTOP-KNEKQN9\Acc2","taskhostw",14520,0,3.47,15.35,5,241,"Normal","True",""
2026-04-29T01:07:44.4099916+02:00,1,"DESKTOP-KNEKQN9\Acc1","shellhost",14736,0,37.27,64.54,8,443,"Normal","True",""
2026-04-29T01:07:44.4099916+02:00,1,"DESKTOP-KNEKQN9\Acc1","crossdeviceresume",15136,0,39.07,69.23,8,468,"Normal","True",""
2026-04-29T01:07:44.4099916+02:00,1,"DESKTOP-KNEKQN9\Acc3","crossdeviceresume",15180,0,38.92,69.14,8,468,"Normal","True",""
2026-04-29T01:07:44.4099916+02:00,1,"DESKTOP-KNEKQN9\Acc2","explorer",15200,0,107.86,178.2,72,2674,"Normal","True",""
2026-04-29T01:07:44.4099916+02:00,1,"DESKTOP-KNEKQN9\Acc2","shellhost",15216,0,54.86,58.41,14,502,"Normal","True",""
2026-04-29T01:07:44.4099916+02:00,1,"DESKTOP-KNEKQN9\Acc2","crossdeviceresume",14988,0,56.85,63.21,15,530,"Normal","True",""
2026-04-29T01:07:44.4099916+02:00,1,"DESKTOP-KNEKQN9\Acc1","dllhost",16292,0,2.18,12.98,5,184,"Normal","True",""
2026-04-29T01:07:44.4099916+02:00,1,"DESKTOP-KNEKQN9\Acc3","dllhost",16364,0,2.19,12.99,5,183,"Normal","True",""
2026-04-29T01:07:44.4099916+02:00,1,"DESKTOP-KNEKQN9\Acc2","dllhost",15764,0,2.18,12.98,5,184,"Normal","True",""
2026-04-29T01:07:44.4099916+02:00,1,"DESKTOP-KNEKQN9\Asus","mstsc",16436,0,321.39,297.71,36,1438,"Normal","True",""
2026-04-29T01:07:44.4099916+02:00,1,"DESKTOP-KNEKQN9\Acc3","searchhost",16812,0,63.58,144.21,13,922,"Normal","True",""
2026-04-29T01:07:44.4099916+02:00,1,"DESKTOP-KNEKQN9\Acc3","startmenuexperiencehost",16796,0,78.55,140.81,15,869,"Normal","True",""
2026-04-29T01:07:44.4099916+02:00,1,"DESKTOP-KNEKQN9\Acc3","runtimebroker",17468,0,6.62,41.73,13,519,"Normal","True",""
2026-04-29T01:07:44.4099916+02:00,1,"DESKTOP-KNEKQN9\Acc3","msedgewebview2",18412,0,39.82,115.68,49,1208,"Normal","True",""
2026-04-29T01:07:44.4099916+02:00,1,"DESKTOP-KNEKQN9\Acc3","msedgewebview2",18084,0,2.31,9.41,8,148,"Normal","True",""
2026-04-29T01:07:44.4099916+02:00,1,"DESKTOP-KNEKQN9\Acc4","rdpclip",18700,0,2.53,13.46,10,326,"Normal","True",""
2026-04-29T01:07:44.4099916+02:00,1,"DESKTOP-KNEKQN9\Acc3","msedgewebview2",18816,0,66.88,85.08,20,513,"AboveNormal","True",""
2026-04-29T01:07:44.4099916+02:00,1,"DESKTOP-KNEKQN9\Acc1","startmenuexperiencehost",18880,0,78.26,140.52,14,859,"Normal","True",""
2026-04-29T01:07:44.4099916+02:00,1,"DESKTOP-KNEKQN9\Acc1","searchhost",18920,0,63.41,144.13,13,924,"Normal","True",""
2026-04-29T01:07:44.4099916+02:00,1,"DESKTOP-KNEKQN9\Acc4","sihost",18968,0,6.6,43.87,12,669,"Normal","True",""
2026-04-29T01:07:44.4099916+02:00,1,"DESKTOP-KNEKQN9\Acc3","msedgewebview2",19036,0,12.92,35.78,23,323,"Normal","True",""
2026-04-29T01:07:44.4099916+02:00,1,"DESKTOP-KNEKQN9\Acc3","msedgewebview2",19280,0,9.3,19.04,8,169,"Normal","True",""
2026-04-29T01:07:44.4099916+02:00,1,"DESKTOP-KNEKQN9\Acc1","runtimebroker",19416,0,6.6,41.68,13,519,"Normal","True",""
2026-04-29T01:07:44.4099916+02:00,1,"DESKTOP-KNEKQN9\Acc3","msedgewebview2",19424,0,49.98,90.38,24,302,"Normal","True",""
2026-04-29T01:07:44.4099916+02:00,1,"DESKTOP-KNEKQN9\Acc4","uihost",19544,0,10.08,26.83,56,495,"Normal","True",""
2026-04-29T01:07:44.4099916+02:00,1,"DESKTOP-KNEKQN9\Acc4","taskhostw",19632,0,3.6,15.47,5,243,"Normal","True",""
2026-04-29T01:07:44.4099916+02:00,1,"DESKTOP-KNEKQN9\Acc4","shellhost",19592,0,53.73,58.37,14,499,"Normal","True",""
2026-04-29T01:07:44.4099916+02:00,1,"DESKTOP-KNEKQN9\Acc4","explorer",19836,0,108.28,177.9,72,2649,"Normal","True",""
2026-04-29T01:07:44.4099916+02:00,1,"DESKTOP-KNEKQN9\Acc4","crossdeviceresume",20488,0,55.75,63.22,15,532,"Normal","True",""
2026-04-29T01:07:44.4099916+02:00,1,"DESKTOP-KNEKQN9\Acc1","msedgewebview2",20688,0,38.92,115.57,49,1214,"Normal","True",""
2026-04-29T01:07:44.4099916+02:00,1,"DESKTOP-KNEKQN9\Acc1","msedgewebview2",20744,0,2.32,9.41,8,148,"Normal","True",""
2026-04-29T01:07:44.4099916+02:00,1,"DESKTOP-KNEKQN9\Acc1","msedgewebview2",21324,0,13.27,35.98,26,338,"Normal","True",""
2026-04-29T01:07:44.4099916+02:00,1,"DESKTOP-KNEKQN9\Acc1","msedgewebview2",21332,0,65.02,83.35,19,500,"AboveNormal","True",""
2026-04-29T01:07:44.4099916+02:00,1,"DESKTOP-KNEKQN9\Acc1","msedgewebview2",21400,0,9.29,19.17,8,171,"Normal","True",""
2026-04-29T01:07:44.4099916+02:00,1,"DESKTOP-KNEKQN9\Acc1","msedgewebview2",20828,0,49.1,87.96,24,302,"Normal","True",""
2026-04-29T01:07:44.4099916+02:00,1,"DESKTOP-KNEKQN9\Acc2","startmenuexperiencehost",21572,0,96.67,136.17,22,967,"Normal","True",""
2026-04-29T01:07:44.4099916+02:00,1,"DESKTOP-KNEKQN9\Acc2","searchhost",21612,0,81.54,133.31,21,988,"Normal","True",""
2026-04-29T01:07:44.4099916+02:00,1,"DESKTOP-KNEKQN9\Acc2","runtimebroker",21808,0,6.59,41.68,13,520,"Normal","True",""
2026-04-29T01:07:44.4099916+02:00,1,"DESKTOP-KNEKQN9\Acc4","dllhost",22272,0,2.15,12.95,5,183,"Normal","True",""
2026-04-29T01:07:44.4099916+02:00,1,"DESKTOP-KNEKQN9\Acc2","msedgewebview2",22388,0,38.99,115.57,49,1205,"Normal","True",""
2026-04-29T01:07:44.4099916+02:00,1,"DESKTOP-KNEKQN9\Acc2","msedgewebview2",22452,0,2.33,9.42,8,148,"Normal","True",""
2026-04-29T01:07:44.4099916+02:00,1,"DESKTOP-KNEKQN9\Acc2","msedgewebview2",16308,0,70.5,59,38,590,"AboveNormal","True",""
2026-04-29T01:07:44.4099916+02:00,1,"DESKTOP-KNEKQN9\Acc2","msedgewebview2",22236,0,13.14,35.79,25,333,"Normal","True",""
2026-04-29T01:07:44.4099916+02:00,1,"DESKTOP-KNEKQN9\Acc2","msedgewebview2",22460,0,9.38,19.31,8,172,"Normal","True",""
2026-04-29T01:07:44.4099916+02:00,1,"DESKTOP-KNEKQN9\Acc2","msedgewebview2",22564,0,51.29,90.94,24,302,"Normal","True",""
2026-04-29T01:07:44.4099916+02:00,1,"DESKTOP-KNEKQN9\Acc4","startmenuexperiencehost",23476,0,95.46,134.65,22,939,"Normal","True",""
2026-04-29T01:07:44.4099916+02:00,1,"DESKTOP-KNEKQN9\Acc4","searchhost",23488,0,81.68,133.34,21,990,"Normal","True",""
2026-04-29T01:07:44.4099916+02:00,1,"DESKTOP-KNEKQN9\Acc4","runtimebroker",6444,0,6.63,41.72,13,518,"Normal","True",""
2026-04-29T01:07:44.4099916+02:00,1,"DESKTOP-KNEKQN9\Acc4","msedgewebview2",15556,0,39.45,115.94,50,1216,"Normal","True",""
2026-04-29T01:07:44.4099916+02:00,1,"DESKTOP-KNEKQN9\Acc4","msedgewebview2",13572,0,2.32,9.41,8,148,"Normal","True",""
2026-04-29T01:07:44.4099916+02:00,1,"DESKTOP-KNEKQN9\Acc4","msedgewebview2",23364,0,70.1,62.4,41,603,"AboveNormal","True",""
2026-04-29T01:07:44.4099916+02:00,1,"DESKTOP-KNEKQN9\Acc4","msedgewebview2",13568,0,13.07,35.81,25,331,"Normal","True",""
2026-04-29T01:07:44.4099916+02:00,1,"DESKTOP-KNEKQN9\Acc4","msedgewebview2",22816,0,9.31,19.2,8,171,"Normal","True",""
2026-04-29T01:07:44.4099916+02:00,1,"DESKTOP-KNEKQN9\Acc3","ctfmon",23668,0,3.82,21.86,13,437,"High","True",""
2026-04-29T01:07:44.4099916+02:00,1,"DESKTOP-KNEKQN9\Acc4","msedgewebview2",23764,0,52.59,93.12,24,302,"Normal","True",""
2026-04-29T01:07:44.4099916+02:00,1,"DESKTOP-KNEKQN9\Acc1","smartscreen",23584,0,2.55,12.45,3,172,"Normal","True","kill_acc_shell_trash"
2026-04-29T01:07:44.4099916+02:00,1,"DESKTOP-KNEKQN9\Acc3","smartscreen",11824,0,2.56,12.46,3,172,"Normal","True","kill_acc_shell_trash"
2026-04-29T01:07:44.4099916+02:00,1,"DESKTOP-KNEKQN9\Acc4","smartscreen",23900,0,2.58,12.47,3,172,"Normal","True","kill_acc_shell_trash"
2026-04-29T01:07:44.4099916+02:00,1,"DESKTOP-KNEKQN9\Acc2","smartscreen",17160,0,2.56,12.46,3,172,"Normal","True","kill_acc_shell_trash"
2026-04-29T01:07:44.4099916+02:00,1,"DESKTOP-KNEKQN9\Acc1","ctfmon",18456,0,3.73,21.8,13,437,"High","True",""
2026-04-29T01:07:44.4099916+02:00,1,"DESKTOP-KNEKQN9\Acc3","textinputhost",24152,0,48.65,96.02,20,932,"High","True",""
2026-04-29T01:07:44.4099916+02:00,1,"DESKTOP-KNEKQN9\Acc2","ctfmon",18672,0,3.75,21.81,13,435,"High","True",""
2026-04-29T01:07:44.4099916+02:00,1,"DESKTOP-KNEKQN9\Acc1","textinputhost",18424,0,48.59,95.96,19,925,"High","True",""
2026-04-29T01:07:44.4099916+02:00,1,"DESKTOP-KNEKQN9\Acc2","textinputhost",15552,0,65.8,93.12,28,1008,"High","True",""
2026-04-29T01:07:44.4099916+02:00,1,"DESKTOP-KNEKQN9\Acc4","ctfmon",12160,0,3.66,20.64,13,429,"High","True",""
2026-04-29T01:07:44.4099916+02:00,1,"DESKTOP-KNEKQN9\Acc4","textinputhost",20228,0,63.51,84,26,931,"High","True",""
2026-04-29T01:07:44.4099916+02:00,1,"DESKTOP-KNEKQN9\Acc3","rtkauduservice64",24092,0,3.46,12.82,11,349,"BelowNormal","True",""
2026-04-29T01:07:44.4099916+02:00,1,"DESKTOP-KNEKQN9\Acc1","rtkauduservice64",9284,0,3.54,12.88,11,349,"BelowNormal","True",""
2026-04-29T01:07:44.4099916+02:00,1,"DESKTOP-KNEKQN9\Acc2","rtkauduservice64",15604,0,3.39,12.74,11,349,"BelowNormal","True",""
2026-04-29T01:07:44.4099916+02:00,1,"DESKTOP-KNEKQN9\Acc4","rtkauduservice64",14504,0,3.45,13.18,11,349,"BelowNormal","True",""
2026-04-29T01:07:44.4099916+02:00,1,"DESKTOP-KNEKQN9\Asus","taskmgr",14540,0,87.09,151.45,27,1038,"Normal","True",""
2026-04-29T01:07:44.4099916+02:00,1,"DESKTOP-KNEKQN9\Asus","powershell",15524,0,74.38,93.02,29,680,"Normal","True",""
2026-04-29T01:08:07.5925206+02:00,2,"ZARZĄDZANIE NT\SYSTEM","rustdesk",4312,0.01,4.66,19.04,5,228,"AboveNormal","True",""
2026-04-29T01:08:07.5925206+02:00,2,"ZARZĄDZANIE NT\SYSTEM","rustdesk",5372,0.24,229.12,193.47,81,696,"AboveNormal","True",""
2026-04-29T01:08:07.5925206+02:00,2,"DESKTOP-KNEKQN9\Asus","explorer",7620,0.1,214.89,337.79,101,4681,"AboveNormal","True",""
2026-04-29T01:08:07.5925206+02:00,2,"DESKTOP-KNEKQN9\Asus","rustdesk",10768,0.01,6.36,21.82,15,208,"AboveNormal","True",""
2026-04-29T01:08:07.5925206+02:00,2,"DESKTOP-KNEKQN9\Asus","rustdesk",8396,0.03,118.12,119.22,38,571,"AboveNormal","True",""
2026-04-29T01:08:07.5925206+02:00,2,"DESKTOP-KNEKQN9\Asus","mstsc",4068,0.01,323.77,299.78,35,1434,"AboveNormal","True",""
2026-04-29T01:08:07.5925206+02:00,2,"DESKTOP-KNEKQN9\Asus","mstsc",6644,0,325.38,299.64,35,1413,"AboveNormal","True",""
2026-04-29T01:08:07.5925206+02:00,2,"DESKTOP-KNEKQN9\Asus","mstsc",7580,0,321,298.32,35,1413,"AboveNormal","True",""
2026-04-29T01:08:07.5925206+02:00,2,"DESKTOP-KNEKQN9\Acc3","uihost",11512,0.01,10.84,26.79,56,497,"Normal","True",""
2026-04-29T01:08:07.5925206+02:00,2,"DESKTOP-KNEKQN9\Acc3","rdpclip",11612,0,2.55,13.6,10,326,"Normal","True",""
2026-04-29T01:08:07.5925206+02:00,2,"DESKTOP-KNEKQN9\Acc3","sihost",12340,0,6.59,43.82,12,668,"Normal","True",""
2026-04-29T01:08:07.5925206+02:00,2,"DESKTOP-KNEKQN9\Acc1","rdpclip",12656,0,2.52,13.59,10,328,"Normal","True",""
2026-04-29T01:08:07.5925206+02:00,2,"DESKTOP-KNEKQN9\Acc1","sihost",12908,0,6.54,43.79,12,667,"Normal","True",""
2026-04-29T01:08:07.5925206+02:00,2,"DESKTOP-KNEKQN9\Acc1","uihost",13004,0.01,10.36,26.7,56,499,"Normal","True",""
2026-04-29T01:08:07.5925206+02:00,2,"DESKTOP-KNEKQN9\Acc3","taskhostw",13276,0,3.55,15.35,7,244,"Normal","True",""
2026-04-29T01:08:07.5925206+02:00,2,"DESKTOP-KNEKQN9\Acc2","rdpclip",10340,0,2.52,13.61,10,329,"Normal","True",""
2026-04-29T01:08:07.5925206+02:00,2,"DESKTOP-KNEKQN9\Acc2","uihost",13688,0.01,10.37,26.63,56,497,"Normal","True",""
2026-04-29T01:08:07.5925206+02:00,2,"DESKTOP-KNEKQN9\Acc2","sihost",13780,0,6.68,43.91,13,673,"Normal","True",""
2026-04-29T01:08:07.5925206+02:00,2,"DESKTOP-KNEKQN9\Acc3","explorer",14092,0.01,114.14,198,45,2506,"AboveNormal","True",""
2026-04-29T01:08:07.5925206+02:00,2,"DESKTOP-KNEKQN9\Acc1","taskhostw",14164,0,3.55,15.38,7,245,"Normal","True",""
2026-04-29T01:08:07.5925206+02:00,2,"DESKTOP-KNEKQN9\Acc3","shellhost",13792,0,37.25,64.51,7,443,"Normal","True",""
2026-04-29T01:08:07.5925206+02:00,2,"DESKTOP-KNEKQN9\Acc1","explorer",14512,0.03,115.86,198.92,45,2495,"AboveNormal","True",""
2026-04-29T01:08:07.5925206+02:00,2,"DESKTOP-KNEKQN9\Acc2","taskhostw",14520,0,3.57,15.39,7,243,"Normal","True",""
2026-04-29T01:08:07.5925206+02:00,2,"DESKTOP-KNEKQN9\Acc1","shellhost",14736,0,37.27,64.54,8,443,"Normal","True",""
2026-04-29T01:08:07.5925206+02:00,2,"DESKTOP-KNEKQN9\Acc1","crossdeviceresume",15136,0,39.07,69.23,8,468,"Normal","True",""
2026-04-29T01:08:07.5925206+02:00,2,"DESKTOP-KNEKQN9\Acc3","crossdeviceresume",15180,0,38.92,69.14,8,468,"Normal","True",""
2026-04-29T01:08:07.5925206+02:00,2,"DESKTOP-KNEKQN9\Acc2","explorer",15200,0.02,107.94,178.43,73,2680,"AboveNormal","True",""
2026-04-29T01:08:07.5925206+02:00,2,"DESKTOP-KNEKQN9\Acc2","shellhost",15216,0,54.86,58.41,14,502,"Normal","True",""
2026-04-29T01:08:07.5925206+02:00,2,"DESKTOP-KNEKQN9\Acc2","crossdeviceresume",14988,0,56.86,63.22,15,530,"Normal","True",""
2026-04-29T01:08:07.5925206+02:00,2,"DESKTOP-KNEKQN9\Acc1","dllhost",16292,0,2.18,12.98,5,184,"Normal","True",""
2026-04-29T01:08:07.5925206+02:00,2,"DESKTOP-KNEKQN9\Acc3","dllhost",16364,0,2.19,12.99,5,183,"Normal","True",""
2026-04-29T01:08:07.5925206+02:00,2,"DESKTOP-KNEKQN9\Acc2","dllhost",15764,0,2.18,12.98,5,184,"Normal","True",""
2026-04-29T01:08:07.5925206+02:00,2,"DESKTOP-KNEKQN9\Asus","mstsc",16436,0,321.34,297.69,35,1434,"AboveNormal","True",""
2026-04-29T01:08:07.5925206+02:00,2,"DESKTOP-KNEKQN9\Acc3","searchhost",16812,0,63.58,144.21,13,922,"Normal","True",""
2026-04-29T01:08:07.5925206+02:00,2,"DESKTOP-KNEKQN9\Acc3","startmenuexperiencehost",16796,0,78.55,140.81,15,869,"Normal","True",""
2026-04-29T01:08:07.5925206+02:00,2,"DESKTOP-KNEKQN9\Acc3","runtimebroker",17468,0,6.71,41.77,14,523,"Normal","True",""
2026-04-29T01:08:07.5925206+02:00,2,"DESKTOP-KNEKQN9\Acc3","msedgewebview2",18412,0,39.82,115.7,49,1208,"Normal","True",""
2026-04-29T01:08:07.5925206+02:00,2,"DESKTOP-KNEKQN9\Acc3","msedgewebview2",18084,0,2.27,9.39,7,148,"Normal","True",""
2026-04-29T01:08:07.5925206+02:00,2,"DESKTOP-KNEKQN9\Acc4","rdpclip",18700,0,2.53,13.46,10,326,"Normal","True",""
2026-04-29T01:08:07.5925206+02:00,2,"DESKTOP-KNEKQN9\Acc3","msedgewebview2",18816,0,66.88,85.07,20,513,"AboveNormal","True",""
2026-04-29T01:08:07.5925206+02:00,2,"DESKTOP-KNEKQN9\Acc1","startmenuexperiencehost",18880,0,78.26,140.5,14,859,"Normal","True",""
2026-04-29T01:08:07.5925206+02:00,2,"DESKTOP-KNEKQN9\Acc1","searchhost",18920,0,63.41,144.13,13,924,"Normal","True",""
2026-04-29T01:08:07.5925206+02:00,2,"DESKTOP-KNEKQN9\Acc4","sihost",18968,0,6.64,43.91,12,669,"Normal","True",""
2026-04-29T01:08:07.5925206+02:00,2,"DESKTOP-KNEKQN9\Acc3","msedgewebview2",19036,0,12.84,35.73,22,319,"Normal","True",""
2026-04-29T01:08:07.5925206+02:00,2,"DESKTOP-KNEKQN9\Acc3","msedgewebview2",19280,0,9.3,19.04,8,169,"Normal","True",""
2026-04-29T01:08:07.5925206+02:00,2,"DESKTOP-KNEKQN9\Acc1","runtimebroker",19416,0,6.69,41.71,14,523,"Normal","True",""
2026-04-29T01:08:07.5925206+02:00,2,"DESKTOP-KNEKQN9\Acc3","msedgewebview2",19424,0,49.98,90.38,24,302,"Normal","True",""
2026-04-29T01:08:07.5925206+02:00,2,"DESKTOP-KNEKQN9\Acc4","uihost",19544,0.01,10.08,26.86,56,495,"Normal","True",""
2026-04-29T01:08:07.5925206+02:00,2,"DESKTOP-KNEKQN9\Acc4","taskhostw",19632,0,3.7,15.51,7,245,"Normal","True",""
2026-04-29T01:08:07.5925206+02:00,2,"DESKTOP-KNEKQN9\Acc4","shellhost",19592,0,53.73,58.37,14,499,"Normal","True",""
2026-04-29T01:08:07.5925206+02:00,2,"DESKTOP-KNEKQN9\Acc4","explorer",19836,0.02,108.35,178.14,73,2655,"AboveNormal","True",""
2026-04-29T01:08:07.5925206+02:00,2,"DESKTOP-KNEKQN9\Acc4","crossdeviceresume",20488,0,55.75,63.22,15,532,"Normal","True",""
2026-04-29T01:08:07.5925206+02:00,2,"DESKTOP-KNEKQN9\Acc1","msedgewebview2",20688,0,38.93,115.6,49,1214,"Normal","True",""
2026-04-29T01:08:07.5925206+02:00,2,"DESKTOP-KNEKQN9\Acc1","msedgewebview2",20744,0,2.28,9.39,7,148,"Normal","True",""
2026-04-29T01:08:07.5925206+02:00,2,"DESKTOP-KNEKQN9\Acc1","msedgewebview2",21324,0,13.19,35.95,25,334,"Normal","True",""
2026-04-29T01:08:07.5925206+02:00,2,"DESKTOP-KNEKQN9\Acc1","msedgewebview2",21332,0,65.02,82.95,19,500,"AboveNormal","True",""
2026-04-29T01:08:07.5925206+02:00,2,"DESKTOP-KNEKQN9\Acc1","msedgewebview2",21400,0,9.29,19.17,8,171,"Normal","True",""
2026-04-29T01:08:07.5925206+02:00,2,"DESKTOP-KNEKQN9\Acc1","msedgewebview2",20828,0,49.1,87.96,24,302,"Normal","True",""
2026-04-29T01:08:07.5925206+02:00,2,"DESKTOP-KNEKQN9\Acc2","startmenuexperiencehost",21572,0,96.66,136.16,22,967,"Normal","True",""
2026-04-29T01:08:07.5925206+02:00,2,"DESKTOP-KNEKQN9\Acc2","searchhost",21612,0,81.54,133.31,21,988,"Normal","True",""
2026-04-29T01:08:07.5925206+02:00,2,"DESKTOP-KNEKQN9\Acc2","runtimebroker",21808,0,6.66,41.7,14,524,"Normal","True",""
2026-04-29T01:08:07.5925206+02:00,2,"DESKTOP-KNEKQN9\Acc4","dllhost",22272,0,2.15,12.95,5,183,"Normal","True",""
2026-04-29T01:08:07.5925206+02:00,2,"DESKTOP-KNEKQN9\Acc2","msedgewebview2",22388,0,38.99,115.6,49,1205,"Normal","True",""
2026-04-29T01:08:07.5925206+02:00,2,"DESKTOP-KNEKQN9\Acc2","msedgewebview2",22452,0,2.29,9.4,7,148,"Normal","True",""
2026-04-29T01:08:07.5925206+02:00,2,"DESKTOP-KNEKQN9\Acc2","msedgewebview2",16308,0,70.5,59,38,590,"AboveNormal","True",""
2026-04-29T01:08:07.5925206+02:00,2,"DESKTOP-KNEKQN9\Acc2","msedgewebview2",22236,0,13.1,35.77,25,333,"Normal","True",""
2026-04-29T01:08:07.5925206+02:00,2,"DESKTOP-KNEKQN9\Acc2","msedgewebview2",22460,0,9.38,19.31,8,172,"Normal","True",""
2026-04-29T01:08:07.5925206+02:00,2,"DESKTOP-KNEKQN9\Acc2","msedgewebview2",22564,0,51.29,90.55,24,302,"Normal","True",""
2026-04-29T01:08:07.5925206+02:00,2,"DESKTOP-KNEKQN9\Acc4","startmenuexperiencehost",23476,0,95.46,134.64,22,939,"Normal","True",""
2026-04-29T01:08:07.5925206+02:00,2,"DESKTOP-KNEKQN9\Acc4","searchhost",23488,0,81.68,133.33,21,990,"Normal","True",""
2026-04-29T01:08:07.5925206+02:00,2,"DESKTOP-KNEKQN9\Acc4","runtimebroker",6444,0,6.7,41.73,14,522,"Normal","True",""
2026-04-29T01:08:07.5925206+02:00,2,"DESKTOP-KNEKQN9\Acc4","msedgewebview2",15556,0,39.45,115.93,50,1216,"Normal","True",""
2026-04-29T01:08:07.5925206+02:00,2,"DESKTOP-KNEKQN9\Acc4","msedgewebview2",13572,0,2.27,9.39,7,148,"Normal","True",""
2026-04-29T01:08:07.5925206+02:00,2,"DESKTOP-KNEKQN9\Acc4","msedgewebview2",23364,0,70.1,62.4,41,603,"AboveNormal","True",""
2026-04-29T01:08:07.5925206+02:00,2,"DESKTOP-KNEKQN9\Acc4","msedgewebview2",13568,0,13.04,35.79,25,331,"Normal","True",""
2026-04-29T01:08:07.5925206+02:00,2,"DESKTOP-KNEKQN9\Acc4","msedgewebview2",22816,0,9.31,19.2,8,171,"Normal","True",""
2026-04-29T01:08:07.5925206+02:00,2,"DESKTOP-KNEKQN9\Acc3","ctfmon",23668,0,3.82,21.86,13,437,"High","True",""
2026-04-29T01:08:07.5925206+02:00,2,"DESKTOP-KNEKQN9\Acc4","msedgewebview2",23764,0,52.6,93.12,24,302,"Normal","True",""
2026-04-29T01:08:07.5925206+02:00,2,"DESKTOP-KNEKQN9\Acc1","ctfmon",18456,0,3.73,21.8,13,437,"High","True",""
2026-04-29T01:08:07.5925206+02:00,2,"DESKTOP-KNEKQN9\Acc3","textinputhost",24152,0,48.57,95.95,20,931,"High","True",""
2026-04-29T01:08:07.5925206+02:00,2,"DESKTOP-KNEKQN9\Acc2","ctfmon",18672,0,3.75,21.81,13,435,"High","True",""
2026-04-29T01:08:07.5925206+02:00,2,"DESKTOP-KNEKQN9\Acc1","textinputhost",18424,0,48.57,95.94,19,924,"High","True",""
2026-04-29T01:08:07.5925206+02:00,2,"DESKTOP-KNEKQN9\Acc2","textinputhost",15552,0,65.77,93.09,28,1007,"High","True",""
2026-04-29T01:08:07.5925206+02:00,2,"DESKTOP-KNEKQN9\Acc4","ctfmon",12160,0,3.66,20.64,13,429,"High","True",""
2026-04-29T01:08:07.5925206+02:00,2,"DESKTOP-KNEKQN9\Acc4","textinputhost",20228,0,63.48,83.97,26,930,"High","True",""
2026-04-29T01:08:07.5925206+02:00,2,"DESKTOP-KNEKQN9\Acc3","rtkauduservice64",24092,0,3.46,11.12,11,349,"BelowNormal","True",""
2026-04-29T01:08:07.5925206+02:00,2,"DESKTOP-KNEKQN9\Acc1","rtkauduservice64",9284,0,3.54,11.13,11,349,"BelowNormal","True",""
2026-04-29T01:08:07.5925206+02:00,2,"DESKTOP-KNEKQN9\Acc2","rtkauduservice64",15604,0,3.39,11.05,11,349,"BelowNormal","True",""
2026-04-29T01:08:07.5925206+02:00,2,"DESKTOP-KNEKQN9\Acc4","rtkauduservice64",14504,0,3.45,11.37,11,349,"BelowNormal","True",""
2026-04-29T01:08:07.5925206+02:00,2,"DESKTOP-KNEKQN9\Asus","taskmgr",14540,0.4,87.62,151.98,27,1040,"AboveNormal","True",""
2026-04-29T01:08:07.5925206+02:00,2,"DESKTOP-KNEKQN9\Asus","powershell",15524,0.3,78.49,100.24,23,669,"AboveNormal","True",""
2026-04-29T01:08:17.1310919+02:00,3,"ZARZĄDZANIE NT\SYSTEM","rustdesk",4312,0,4.66,19.04,5,228,"AboveNormal","True",""
2026-04-29T01:08:17.1310919+02:00,3,"ZARZĄDZANIE NT\SYSTEM","rustdesk",5372,0.08,229.12,193.47,81,696,"AboveNormal","True",""
2026-04-29T01:08:17.1310919+02:00,3,"DESKTOP-KNEKQN9\Asus","explorer",7620,0.03,214.8,337.75,100,4674,"AboveNormal","True",""
2026-04-29T01:08:17.1310919+02:00,3,"DESKTOP-KNEKQN9\Asus","rustdesk",10768,0,6.36,21.82,15,208,"AboveNormal","True",""
2026-04-29T01:08:17.1310919+02:00,3,"DESKTOP-KNEKQN9\Asus","rustdesk",8396,0.03,119.12,120.02,38,571,"AboveNormal","True",""
2026-04-29T01:08:17.1310919+02:00,3,"DESKTOP-KNEKQN9\Asus","mstsc",4068,0,323.77,299.78,35,1434,"AboveNormal","True",""
2026-04-29T01:08:17.1310919+02:00,3,"DESKTOP-KNEKQN9\Asus","mstsc",6644,0,325.38,299.64,35,1413,"AboveNormal","True",""
2026-04-29T01:08:17.1310919+02:00,3,"DESKTOP-KNEKQN9\Asus","mstsc",7580,0.01,321,298.32,35,1413,"AboveNormal","True",""
2026-04-29T01:08:17.1310919+02:00,3,"DESKTOP-KNEKQN9\Acc3","uihost",11512,0,10.8,26.77,55,495,"Normal","True",""
2026-04-29T01:08:17.1310919+02:00,3,"DESKTOP-KNEKQN9\Acc3","rdpclip",11612,0,2.55,13.6,10,326,"Normal","True",""
2026-04-29T01:08:17.1310919+02:00,3,"DESKTOP-KNEKQN9\Acc3","sihost",12340,0,6.55,43.8,11,666,"Normal","True",""
2026-04-29T01:08:17.1310919+02:00,3,"DESKTOP-KNEKQN9\Acc1","rdpclip",12656,0,2.52,13.59,10,328,"Normal","True",""
2026-04-29T01:08:17.1310919+02:00,3,"DESKTOP-KNEKQN9\Acc1","sihost",12908,0,6.51,43.77,11,665,"Normal","True",""
2026-04-29T01:08:17.1310919+02:00,3,"DESKTOP-KNEKQN9\Acc1","uihost",13004,0,10.32,26.68,55,497,"Normal","True",""
2026-04-29T01:08:17.1310919+02:00,3,"DESKTOP-KNEKQN9\Acc3","taskhostw",13276,0,3.55,15.35,7,244,"Normal","True",""
2026-04-29T01:08:17.1310919+02:00,3,"DESKTOP-KNEKQN9\Acc2","rdpclip",10340,0,2.52,13.61,10,329,"Normal","True",""
2026-04-29T01:08:17.1310919+02:00,3,"DESKTOP-KNEKQN9\Acc2","uihost",13688,0,10.33,26.62,55,495,"Normal","True",""
2026-04-29T01:08:17.1310919+02:00,3,"DESKTOP-KNEKQN9\Acc2","sihost",13780,0,6.68,43.91,13,673,"Normal","True",""
2026-04-29T01:08:17.1310919+02:00,3,"DESKTOP-KNEKQN9\Acc3","explorer",14092,0,114.14,198,45,2506,"AboveNormal","True",""
2026-04-29T01:08:17.1310919+02:00,3,"DESKTOP-KNEKQN9\Acc1","taskhostw",14164,0,3.55,15.38,7,245,"Normal","True",""
2026-04-29T01:08:17.1310919+02:00,3,"DESKTOP-KNEKQN9\Acc3","shellhost",13792,0,37.25,64.51,7,443,"Normal","True",""
2026-04-29T01:08:17.1310919+02:00,3,"DESKTOP-KNEKQN9\Acc1","explorer",14512,0.03,115.86,198.91,45,2495,"AboveNormal","True",""
2026-04-29T01:08:17.1310919+02:00,3,"DESKTOP-KNEKQN9\Acc2","taskhostw",14520,0,3.57,15.39,7,243,"Normal","True",""
2026-04-29T01:08:17.1310919+02:00,3,"DESKTOP-KNEKQN9\Acc1","shellhost",14736,0,37.27,64.54,8,443,"Normal","True",""
2026-04-29T01:08:17.1310919+02:00,3,"DESKTOP-KNEKQN9\Acc1","crossdeviceresume",15136,0,39.07,69.23,8,468,"Normal","True",""
2026-04-29T01:08:17.1310919+02:00,3,"DESKTOP-KNEKQN9\Acc3","crossdeviceresume",15180,0,38.92,69.14,8,468,"Normal","True",""
2026-04-29T01:08:17.1310919+02:00,3,"DESKTOP-KNEKQN9\Acc2","explorer",15200,0,107.94,178.13,73,2680,"AboveNormal","True",""
2026-04-29T01:08:17.1310919+02:00,3,"DESKTOP-KNEKQN9\Acc2","shellhost",15216,0,54.86,58.41,14,502,"Normal","True",""
2026-04-29T01:08:17.1310919+02:00,3,"DESKTOP-KNEKQN9\Acc2","crossdeviceresume",14988,0,56.86,63.22,15,530,"Normal","True",""
2026-04-29T01:08:17.1310919+02:00,3,"DESKTOP-KNEKQN9\Acc1","dllhost",16292,0,2.18,12.98,5,184,"Normal","True",""
2026-04-29T01:08:17.1310919+02:00,3,"DESKTOP-KNEKQN9\Acc3","dllhost",16364,0.01,2.19,12.99,5,183,"Normal","True",""
2026-04-29T01:08:17.1310919+02:00,3,"DESKTOP-KNEKQN9\Acc2","dllhost",15764,0,2.18,12.98,5,184,"Normal","True",""
2026-04-29T01:08:17.1310919+02:00,3,"DESKTOP-KNEKQN9\Asus","mstsc",16436,0,321.34,297.69,35,1434,"AboveNormal","True",""
2026-04-29T01:08:17.1310919+02:00,3,"DESKTOP-KNEKQN9\Acc3","searchhost",16812,0,63.58,144.21,13,922,"Normal","True",""
2026-04-29T01:08:17.1310919+02:00,3,"DESKTOP-KNEKQN9\Acc3","startmenuexperiencehost",16796,0,78.55,140.81,15,869,"Normal","True",""
2026-04-29T01:08:17.1310919+02:00,3,"DESKTOP-KNEKQN9\Acc3","runtimebroker",17468,0,6.71,41.77,14,523,"Normal","True",""
2026-04-29T01:08:17.1310919+02:00,3,"DESKTOP-KNEKQN9\Acc3","msedgewebview2",18412,0,39.82,115.7,49,1208,"Normal","True",""
2026-04-29T01:08:17.1310919+02:00,3,"DESKTOP-KNEKQN9\Acc3","msedgewebview2",18084,0,2.27,9.39,7,148,"Normal","True",""
2026-04-29T01:08:17.1310919+02:00,3,"DESKTOP-KNEKQN9\Acc4","rdpclip",18700,0,2.53,13.46,10,326,"Normal","True",""
2026-04-29T01:08:17.1310919+02:00,3,"DESKTOP-KNEKQN9\Acc3","msedgewebview2",18816,0,66.88,84.53,20,513,"AboveNormal","True",""
2026-04-29T01:08:17.1310919+02:00,3,"DESKTOP-KNEKQN9\Acc1","startmenuexperiencehost",18880,0,78.26,140.5,14,859,"Normal","True",""
2026-04-29T01:08:17.1310919+02:00,3,"DESKTOP-KNEKQN9\Acc1","searchhost",18920,0,63.41,144.13,13,924,"Normal","True",""
2026-04-29T01:08:17.1310919+02:00,3,"DESKTOP-KNEKQN9\Acc4","sihost",18968,0,6.67,43.94,12,669,"Normal","True",""
2026-04-29T01:08:17.1310919+02:00,3,"DESKTOP-KNEKQN9\Acc3","msedgewebview2",19036,0,12.84,35.73,22,319,"Normal","True",""
2026-04-29T01:08:17.1310919+02:00,3,"DESKTOP-KNEKQN9\Acc3","msedgewebview2",19280,0,9.3,19.04,8,169,"Normal","True",""
2026-04-29T01:08:17.1310919+02:00,3,"DESKTOP-KNEKQN9\Acc1","runtimebroker",19416,0,6.69,41.71,14,523,"Normal","True",""
2026-04-29T01:08:17.1310919+02:00,3,"DESKTOP-KNEKQN9\Acc3","msedgewebview2",19424,0,49.98,90.38,24,302,"Normal","True",""
2026-04-29T01:08:17.1310919+02:00,3,"DESKTOP-KNEKQN9\Acc4","uihost",19544,0,10.08,26.86,56,495,"Normal","True",""
2026-04-29T01:08:17.1310919+02:00,3,"DESKTOP-KNEKQN9\Acc4","taskhostw",19632,0,3.7,15.51,7,245,"Normal","True",""
2026-04-29T01:08:17.1310919+02:00,3,"DESKTOP-KNEKQN9\Acc4","shellhost",19592,0,53.73,58.37,14,499,"Normal","True",""
2026-04-29T01:08:17.1310919+02:00,3,"DESKTOP-KNEKQN9\Acc4","explorer",19836,0.03,108.35,177.91,73,2655,"AboveNormal","True",""
2026-04-29T01:08:17.1310919+02:00,3,"DESKTOP-KNEKQN9\Acc4","crossdeviceresume",20488,0,55.75,63.22,15,532,"Normal","True",""
2026-04-29T01:08:17.1310919+02:00,3,"DESKTOP-KNEKQN9\Acc1","msedgewebview2",20688,0,38.93,115.6,49,1214,"Normal","True",""
2026-04-29T01:08:17.1310919+02:00,3,"DESKTOP-KNEKQN9\Acc1","msedgewebview2",20744,0,2.28,9.39,7,148,"Normal","True",""
2026-04-29T01:08:17.1310919+02:00,3,"DESKTOP-KNEKQN9\Acc1","msedgewebview2",21324,0,13.18,35.94,25,334,"Normal","True",""
2026-04-29T01:08:17.1310919+02:00,3,"DESKTOP-KNEKQN9\Acc1","msedgewebview2",21332,0,65.02,82.93,19,500,"AboveNormal","True",""
2026-04-29T01:08:17.1310919+02:00,3,"DESKTOP-KNEKQN9\Acc1","msedgewebview2",21400,0,9.29,19.17,8,171,"Normal","True",""
2026-04-29T01:08:17.1310919+02:00,3,"DESKTOP-KNEKQN9\Acc1","msedgewebview2",20828,0,49.1,87.96,24,302,"Normal","True",""
2026-04-29T01:08:17.1310919+02:00,3,"DESKTOP-KNEKQN9\Acc2","startmenuexperiencehost",21572,0,96.66,136.16,22,967,"Normal","True",""
2026-04-29T01:08:17.1310919+02:00,3,"DESKTOP-KNEKQN9\Acc2","searchhost",21612,0,81.54,133.31,21,988,"Normal","True",""
2026-04-29T01:08:17.1310919+02:00,3,"DESKTOP-KNEKQN9\Acc2","runtimebroker",21808,0,6.68,41.71,14,524,"Normal","True",""
2026-04-29T01:08:17.1310919+02:00,3,"DESKTOP-KNEKQN9\Acc4","dllhost",22272,0,2.15,12.95,5,183,"Normal","True",""
2026-04-29T01:08:17.1310919+02:00,3,"DESKTOP-KNEKQN9\Acc2","msedgewebview2",22388,0,38.99,115.6,49,1205,"Normal","True",""
2026-04-29T01:08:17.1310919+02:00,3,"DESKTOP-KNEKQN9\Acc2","msedgewebview2",22452,0,2.29,9.4,7,148,"Normal","True",""
2026-04-29T01:08:17.1310919+02:00,3,"DESKTOP-KNEKQN9\Acc2","msedgewebview2",16308,0,70.5,59,38,590,"AboveNormal","True",""
2026-04-29T01:08:17.1310919+02:00,3,"DESKTOP-KNEKQN9\Acc2","msedgewebview2",22236,0,13.05,35.76,24,329,"Normal","True",""
2026-04-29T01:08:17.1310919+02:00,3,"DESKTOP-KNEKQN9\Acc2","msedgewebview2",22460,0,9.38,19.31,8,172,"Normal","True",""
2026-04-29T01:08:17.1310919+02:00,3,"DESKTOP-KNEKQN9\Acc2","msedgewebview2",22564,0,51.29,90.55,24,302,"Normal","True",""
2026-04-29T01:08:17.1310919+02:00,3,"DESKTOP-KNEKQN9\Acc4","startmenuexperiencehost",23476,0,95.46,134.64,22,939,"Normal","True",""
2026-04-29T01:08:17.1310919+02:00,3,"DESKTOP-KNEKQN9\Acc4","searchhost",23488,0,81.68,133.33,21,990,"Normal","True",""
2026-04-29T01:08:17.1310919+02:00,3,"DESKTOP-KNEKQN9\Acc4","runtimebroker",6444,0,6.71,41.75,14,522,"Normal","True",""
2026-04-29T01:08:17.1310919+02:00,3,"DESKTOP-KNEKQN9\Acc4","msedgewebview2",15556,0,39.45,115.93,50,1216,"Normal","True",""
2026-04-29T01:08:17.1310919+02:00,3,"DESKTOP-KNEKQN9\Acc4","msedgewebview2",13572,0,2.27,9.39,7,148,"Normal","True",""
2026-04-29T01:08:17.1310919+02:00,3,"DESKTOP-KNEKQN9\Acc4","msedgewebview2",23364,0,70.1,62.4,41,603,"AboveNormal","True",""
2026-04-29T01:08:17.1310919+02:00,3,"DESKTOP-KNEKQN9\Acc4","msedgewebview2",13568,0,12.99,35.77,24,327,"Normal","True",""
2026-04-29T01:08:17.1310919+02:00,3,"DESKTOP-KNEKQN9\Acc4","msedgewebview2",22816,0,9.31,19.2,8,171,"Normal","True",""
2026-04-29T01:08:17.1310919+02:00,3,"DESKTOP-KNEKQN9\Acc3","ctfmon",23668,0,3.82,21.86,13,437,"High","True",""
2026-04-29T01:08:17.1310919+02:00,3,"DESKTOP-KNEKQN9\Acc4","msedgewebview2",23764,0,52.6,92.73,24,302,"Normal","True",""
2026-04-29T01:08:17.1310919+02:00,3,"DESKTOP-KNEKQN9\Acc1","ctfmon",18456,0,3.73,21.8,13,437,"High","True",""
2026-04-29T01:08:17.1310919+02:00,3,"DESKTOP-KNEKQN9\Acc3","textinputhost",24152,0,48.57,95.95,20,931,"High","True",""
2026-04-29T01:08:17.1310919+02:00,3,"DESKTOP-KNEKQN9\Acc2","ctfmon",18672,0,3.75,21.81,13,435,"High","True",""
2026-04-29T01:08:17.1310919+02:00,3,"DESKTOP-KNEKQN9\Acc1","textinputhost",18424,0,48.57,95.94,19,924,"High","True",""
2026-04-29T01:08:17.1310919+02:00,3,"DESKTOP-KNEKQN9\Acc2","textinputhost",15552,0,65.77,93.09,28,1007,"High","True",""
2026-04-29T01:08:17.1310919+02:00,3,"DESKTOP-KNEKQN9\Acc4","ctfmon",12160,0,3.66,20.64,13,429,"High","True",""
2026-04-29T01:08:17.1310919+02:00,3,"DESKTOP-KNEKQN9\Acc4","textinputhost",20228,0,63.48,83.97,26,930,"High","True",""
2026-04-29T01:08:17.1310919+02:00,3,"DESKTOP-KNEKQN9\Acc3","rtkauduservice64",24092,0,3.46,10.48,11,349,"BelowNormal","True",""
2026-04-29T01:08:17.1310919+02:00,3,"DESKTOP-KNEKQN9\Acc1","rtkauduservice64",9284,0,3.54,10.49,11,349,"BelowNormal","True",""
2026-04-29T01:08:17.1310919+02:00,3,"DESKTOP-KNEKQN9\Acc2","rtkauduservice64",15604,0,3.39,10.42,11,349,"BelowNormal","True",""
2026-04-29T01:08:17.1310919+02:00,3,"DESKTOP-KNEKQN9\Acc4","rtkauduservice64",14504,0,3.45,10.74,11,349,"BelowNormal","True",""
2026-04-29T01:08:17.1310919+02:00,3,"DESKTOP-KNEKQN9\Asus","taskmgr",14540,0.25,87.53,151.93,24,1038,"AboveNormal","True",""
2026-04-29T01:08:17.1310919+02:00,3,"DESKTOP-KNEKQN9\Asus","powershell",15524,0.29,79.48,101.08,16,682,"AboveNormal","True",""
2026-04-29T01:08:27.1708786+02:00,4,"ZARZĄDZANIE NT\SYSTEM","rustdesk",4312,0,4.66,19.04,5,228,"AboveNormal","True",""
2026-04-29T01:08:27.1708786+02:00,4,"ZARZĄDZANIE NT\SYSTEM","rustdesk",5372,0.12,229.09,193.46,80,696,"AboveNormal","True",""
2026-04-29T01:08:27.1708786+02:00,4,"DESKTOP-KNEKQN9\Asus","explorer",7620,0.08,214.56,337.41,97,4404,"AboveNormal","True",""
2026-04-29T01:08:27.1708786+02:00,4,"DESKTOP-KNEKQN9\Asus","rustdesk",10768,0.01,6.36,21.82,15,208,"AboveNormal","True",""
2026-04-29T01:08:27.1708786+02:00,4,"DESKTOP-KNEKQN9\Asus","rustdesk",8396,0.03,119.12,119.24,38,572,"AboveNormal","True",""
2026-04-29T01:08:27.1708786+02:00,4,"DESKTOP-KNEKQN9\Asus","mstsc",4068,0,323.77,299.78,35,1434,"AboveNormal","True",""
2026-04-29T01:08:27.1708786+02:00,4,"DESKTOP-KNEKQN9\Asus","mstsc",6644,0,325.38,299.64,35,1413,"AboveNormal","True",""
2026-04-29T01:08:27.1708786+02:00,4,"DESKTOP-KNEKQN9\Asus","mstsc",7580,0,321,298.32,35,1413,"AboveNormal","True",""
2026-04-29T01:08:27.1708786+02:00,4,"DESKTOP-KNEKQN9\Acc3","uihost",11512,0,10.84,26.79,56,495,"Normal","True",""
2026-04-29T01:08:27.1708786+02:00,4,"DESKTOP-KNEKQN9\Acc3","rdpclip",11612,0,2.55,13.6,10,326,"Normal","True",""
2026-04-29T01:08:27.1708786+02:00,4,"DESKTOP-KNEKQN9\Acc3","sihost",12340,0,6.55,43.8,11,666,"Normal","True",""
2026-04-29T01:08:27.1708786+02:00,4,"DESKTOP-KNEKQN9\Acc1","rdpclip",12656,0,2.52,13.59,10,328,"Normal","True",""
2026-04-29T01:08:27.1708786+02:00,4,"DESKTOP-KNEKQN9\Acc1","sihost",12908,0,6.5,43.77,11,665,"Normal","True",""
2026-04-29T01:08:27.1708786+02:00,4,"DESKTOP-KNEKQN9\Acc1","uihost",13004,0,10.36,26.7,56,497,"Normal","True",""
2026-04-29T01:08:27.1708786+02:00,4,"DESKTOP-KNEKQN9\Acc3","taskhostw",13276,0,3.55,15.35,7,244,"Normal","True",""
2026-04-29T01:08:27.1708786+02:00,4,"DESKTOP-KNEKQN9\Acc2","rdpclip",10340,0,2.52,13.61,10,329,"Normal","True",""
2026-04-29T01:08:27.1708786+02:00,4,"DESKTOP-KNEKQN9\Acc2","uihost",13688,0,10.37,26.64,56,495,"Normal","True",""
2026-04-29T01:08:27.1708786+02:00,4,"DESKTOP-KNEKQN9\Acc2","sihost",13780,0,6.59,43.86,11,664,"Normal","True",""
2026-04-29T01:08:27.1708786+02:00,4,"DESKTOP-KNEKQN9\Acc3","explorer",14092,0.01,114.07,197.97,44,2502,"AboveNormal","True",""
2026-04-29T01:08:27.1708786+02:00,4,"DESKTOP-KNEKQN9\Acc1","taskhostw",14164,0,3.55,15.38,7,245,"Normal","True",""
2026-04-29T01:08:27.1708786+02:00,4,"DESKTOP-KNEKQN9\Acc3","shellhost",13792,0,37.21,64.49,6,441,"Normal","True",""
2026-04-29T01:08:27.1708786+02:00,4,"DESKTOP-KNEKQN9\Acc1","explorer",14512,0.01,115.71,198.86,43,2487,"AboveNormal","True",""
2026-04-29T01:08:27.1708786+02:00,4,"DESKTOP-KNEKQN9\Acc2","taskhostw",14520,0,3.57,15.39,7,243,"Normal","True",""
2026-04-29T01:08:27.1708786+02:00,4,"DESKTOP-KNEKQN9\Acc1","shellhost",14736,0,37.21,64.5,6,439,"Normal","True",""
2026-04-29T01:08:27.1708786+02:00,4,"DESKTOP-KNEKQN9\Acc1","crossdeviceresume",15136,0,39.02,69.2,7,463,"Normal","True",""
2026-04-29T01:08:27.1708786+02:00,4,"DESKTOP-KNEKQN9\Acc3","crossdeviceresume",15180,0,38.87,69.11,7,463,"Normal","True",""
2026-04-29T01:08:27.1708786+02:00,4,"DESKTOP-KNEKQN9\Acc2","explorer",15200,0.01,107.86,178.07,72,2674,"AboveNormal","True",""
2026-04-29T01:08:27.1708786+02:00,4,"DESKTOP-KNEKQN9\Acc2","shellhost",15216,0,54.82,58.39,13,493,"Normal","True",""
2026-04-29T01:08:27.1708786+02:00,4,"DESKTOP-KNEKQN9\Acc2","crossdeviceresume",14988,0,56.8,63.19,14,523,"Normal","True",""
2026-04-29T01:08:27.1708786+02:00,4,"DESKTOP-KNEKQN9\Acc1","dllhost",16292,0,2.08,12.95,3,182,"Normal","True",""
2026-04-29T01:08:27.1708786+02:00,4,"DESKTOP-KNEKQN9\Acc3","dllhost",16364,0,2.09,12.96,3,181,"Normal","True",""
2026-04-29T01:08:27.1708786+02:00,4,"DESKTOP-KNEKQN9\Acc2","dllhost",15764,0,2.08,12.95,3,182,"Normal","True",""
2026-04-29T01:08:27.1708786+02:00,4,"DESKTOP-KNEKQN9\Asus","mstsc",16436,0,321.34,297.69,35,1434,"AboveNormal","True",""
2026-04-29T01:08:27.1708786+02:00,4,"DESKTOP-KNEKQN9\Acc3","searchhost",16812,0,63.45,144.13,11,913,"Normal","True",""
2026-04-29T01:08:27.1708786+02:00,4,"DESKTOP-KNEKQN9\Acc3","startmenuexperiencehost",16796,0,78.45,140.74,13,858,"Normal","True",""
2026-04-29T01:08:27.1708786+02:00,4,"DESKTOP-KNEKQN9\Acc3","runtimebroker",17468,0,6.64,41.76,13,519,"Normal","True",""
2026-04-29T01:08:27.1708786+02:00,4,"DESKTOP-KNEKQN9\Acc3","msedgewebview2",18412,0,39.77,115.67,48,1206,"Normal","True",""
2026-04-29T01:08:27.1708786+02:00,4,"DESKTOP-KNEKQN9\Acc3","msedgewebview2",18084,0,2.27,9.39,7,148,"Normal","True",""
2026-04-29T01:08:27.1708786+02:00,4,"DESKTOP-KNEKQN9\Acc4","rdpclip",18700,0,2.53,13.46,10,326,"Normal","True",""
2026-04-29T01:08:27.1708786+02:00,4,"DESKTOP-KNEKQN9\Acc3","msedgewebview2",18816,0,66.88,84.5,20,513,"AboveNormal","True",""
2026-04-29T01:08:27.1708786+02:00,4,"DESKTOP-KNEKQN9\Acc1","startmenuexperiencehost",18880,0,78.22,140.48,13,857,"Normal","True",""
2026-04-29T01:08:27.1708786+02:00,4,"DESKTOP-KNEKQN9\Acc1","searchhost",18920,0,63.28,144.04,11,912,"Normal","True",""
2026-04-29T01:08:27.1708786+02:00,4,"DESKTOP-KNEKQN9\Acc4","sihost",18968,0,6.62,43.91,11,664,"Normal","True",""
2026-04-29T01:08:27.1708786+02:00,4,"DESKTOP-KNEKQN9\Acc3","msedgewebview2",19036,0,12.75,35.7,20,314,"Normal","True",""
2026-04-29T01:08:27.1708786+02:00,4,"DESKTOP-KNEKQN9\Acc3","msedgewebview2",19280,0,9.3,19.04,8,169,"Normal","True",""
2026-04-29T01:08:27.1708786+02:00,4,"DESKTOP-KNEKQN9\Acc1","runtimebroker",19416,0,6.61,41.7,13,519,"Normal","True",""
2026-04-29T01:08:27.1708786+02:00,4,"DESKTOP-KNEKQN9\Acc3","msedgewebview2",19424,0,49.98,90.38,24,302,"Normal","True",""
2026-04-29T01:08:27.1708786+02:00,4,"DESKTOP-KNEKQN9\Acc4","uihost",19544,0,10.08,26.86,56,495,"Normal","True",""
2026-04-29T01:08:27.1708786+02:00,4,"DESKTOP-KNEKQN9\Acc4","taskhostw",19632,0,3.7,15.51,7,245,"Normal","True",""
2026-04-29T01:08:27.1708786+02:00,4,"DESKTOP-KNEKQN9\Acc4","shellhost",19592,0,53.7,58.35,13,495,"Normal","True",""
2026-04-29T01:08:27.1708786+02:00,4,"DESKTOP-KNEKQN9\Acc4","explorer",19836,0.03,108.28,177.89,72,2649,"AboveNormal","True",""
2026-04-29T01:08:27.1708786+02:00,4,"DESKTOP-KNEKQN9\Acc4","crossdeviceresume",20488,0,55.7,63.19,14,527,"Normal","True",""
2026-04-29T01:08:27.1708786+02:00,4,"DESKTOP-KNEKQN9\Acc1","msedgewebview2",20688,0,38.88,115.57,48,1209,"Normal","True",""
2026-04-29T01:08:27.1708786+02:00,4,"DESKTOP-KNEKQN9\Acc1","msedgewebview2",20744,0,2.28,9.39,7,148,"Normal","True",""
2026-04-29T01:08:27.1708786+02:00,4,"DESKTOP-KNEKQN9\Acc1","msedgewebview2",21324,0,13.06,35.88,23,329,"Normal","True",""
2026-04-29T01:08:27.1708786+02:00,4,"DESKTOP-KNEKQN9\Acc1","msedgewebview2",21332,0,65.01,82.9,19,500,"AboveNormal","True",""
2026-04-29T01:08:27.1708786+02:00,4,"DESKTOP-KNEKQN9\Acc1","msedgewebview2",21400,0,9.29,19.17,8,171,"Normal","True",""
2026-04-29T01:08:27.1708786+02:00,4,"DESKTOP-KNEKQN9\Acc1","msedgewebview2",20828,0,49.1,87.96,24,302,"Normal","True",""
2026-04-29T01:08:27.1708786+02:00,4,"DESKTOP-KNEKQN9\Acc2","startmenuexperiencehost",21572,0,96.66,136.16,22,967,"Normal","True",""
2026-04-29T01:08:27.1708786+02:00,4,"DESKTOP-KNEKQN9\Acc2","searchhost",21612,0,81.41,133.23,19,981,"Normal","True",""
2026-04-29T01:08:27.1708786+02:00,4,"DESKTOP-KNEKQN9\Acc2","runtimebroker",21808,0,6.61,41.7,13,520,"Normal","True",""
2026-04-29T01:08:27.1708786+02:00,4,"DESKTOP-KNEKQN9\Acc4","dllhost",22272,0,2.05,12.92,3,181,"Normal","True",""
2026-04-29T01:08:27.1708786+02:00,4,"DESKTOP-KNEKQN9\Acc2","msedgewebview2",22388,0,38.93,115.57,48,1200,"Normal","True",""
2026-04-29T01:08:27.1708786+02:00,4,"DESKTOP-KNEKQN9\Acc2","msedgewebview2",22452,0,2.29,9.4,7,148,"Normal","True",""
2026-04-29T01:08:27.1708786+02:00,4,"DESKTOP-KNEKQN9\Acc2","msedgewebview2",16308,0,70.5,59,38,590,"AboveNormal","True",""
2026-04-29T01:08:27.1708786+02:00,4,"DESKTOP-KNEKQN9\Acc2","msedgewebview2",22236,0,12.93,35.7,22,324,"Normal","True",""
2026-04-29T01:08:27.1708786+02:00,4,"DESKTOP-KNEKQN9\Acc2","msedgewebview2",22460,0,9.38,19.31,8,172,"Normal","True",""
2026-04-29T01:08:27.1708786+02:00,4,"DESKTOP-KNEKQN9\Acc2","msedgewebview2",22564,0,51.29,90.41,24,302,"Normal","True",""
2026-04-29T01:08:27.1708786+02:00,4,"DESKTOP-KNEKQN9\Acc4","startmenuexperiencehost",23476,0,95.41,134.61,21,935,"Normal","True",""
2026-04-29T01:08:27.1708786+02:00,4,"DESKTOP-KNEKQN9\Acc4","searchhost",23488,0,81.55,133.23,19,981,"Normal","True",""
2026-04-29T01:08:27.1708786+02:00,4,"DESKTOP-KNEKQN9\Acc4","runtimebroker",6444,0,6.65,41.73,13,518,"Normal","True",""
2026-04-29T01:08:27.1708786+02:00,4,"DESKTOP-KNEKQN9\Acc4","msedgewebview2",15556,0,39.36,115.88,48,1207,"Normal","True",""
2026-04-29T01:08:27.1708786+02:00,4,"DESKTOP-KNEKQN9\Acc4","msedgewebview2",13572,0,2.27,9.39,7,148,"Normal","True",""
2026-04-29T01:08:27.1708786+02:00,4,"DESKTOP-KNEKQN9\Acc4","msedgewebview2",23364,0,70.1,62.4,41,603,"AboveNormal","True",""
2026-04-29T01:08:27.1708786+02:00,4,"DESKTOP-KNEKQN9\Acc4","msedgewebview2",13568,0,12.88,35.72,22,322,"Normal","True",""
2026-04-29T01:08:27.1708786+02:00,4,"DESKTOP-KNEKQN9\Acc4","msedgewebview2",22816,0,9.31,19.2,8,171,"Normal","True",""
2026-04-29T01:08:27.1708786+02:00,4,"DESKTOP-KNEKQN9\Acc3","ctfmon",23668,0,3.82,21.86,13,437,"High","True",""
2026-04-29T01:08:27.1708786+02:00,4,"DESKTOP-KNEKQN9\Acc4","msedgewebview2",23764,0,52.6,92.73,24,302,"Normal","True",""
2026-04-29T01:08:27.1708786+02:00,4,"DESKTOP-KNEKQN9\Acc1","ctfmon",18456,0,3.73,21.8,13,437,"High","True",""
2026-04-29T01:08:27.1708786+02:00,4,"DESKTOP-KNEKQN9\Acc3","textinputhost",24152,0,48.57,95.95,20,931,"High","True",""
2026-04-29T01:08:27.1708786+02:00,4,"DESKTOP-KNEKQN9\Acc2","ctfmon",18672,0,3.75,21.81,13,435,"High","True",""
2026-04-29T01:08:27.1708786+02:00,4,"DESKTOP-KNEKQN9\Acc1","textinputhost",18424,0,48.57,95.94,19,924,"High","True",""
2026-04-29T01:08:27.1708786+02:00,4,"DESKTOP-KNEKQN9\Acc2","textinputhost",15552,0,65.77,93.09,28,1007,"High","True",""
2026-04-29T01:08:27.1708786+02:00,4,"DESKTOP-KNEKQN9\Acc4","ctfmon",12160,0,3.66,20.64,13,429,"High","True",""
2026-04-29T01:08:27.1708786+02:00,4,"DESKTOP-KNEKQN9\Acc4","textinputhost",20228,0,63.5,83.98,26,930,"High","True",""
2026-04-29T01:08:27.1708786+02:00,4,"DESKTOP-KNEKQN9\Acc3","rtkauduservice64",24092,0,3.46,9.84,11,349,"BelowNormal","True",""
2026-04-29T01:08:27.1708786+02:00,4,"DESKTOP-KNEKQN9\Acc1","rtkauduservice64",9284,0,3.54,9.86,11,349,"BelowNormal","True",""
2026-04-29T01:08:27.1708786+02:00,4,"DESKTOP-KNEKQN9\Acc2","rtkauduservice64",15604,0,3.39,9.78,11,349,"BelowNormal","True",""
2026-04-29T01:08:27.1708786+02:00,4,"DESKTOP-KNEKQN9\Acc4","rtkauduservice64",14504,0,3.45,10.08,11,349,"BelowNormal","True",""
2026-04-29T01:08:27.1708786+02:00,4,"DESKTOP-KNEKQN9\Asus","taskmgr",14540,0.22,87.53,151.95,24,1038,"AboveNormal","True",""
2026-04-29T01:08:27.1708786+02:00,4,"DESKTOP-KNEKQN9\Asus","powershell",15524,0.26,80.39,101.94,17,665,"AboveNormal","True",""
2026-04-29T01:08:36.8045698+02:00,5,"ZARZĄDZANIE NT\SYSTEM","rustdesk",4312,0,4.66,19.04,5,228,"AboveNormal","True",""
2026-04-29T01:08:36.8045698+02:00,5,"ZARZĄDZANIE NT\SYSTEM","rustdesk",5372,0.12,229.09,193.46,80,696,"AboveNormal","True",""
2026-04-29T01:08:36.8045698+02:00,5,"DESKTOP-KNEKQN9\Asus","explorer",7620,0.07,214.48,337.39,96,4395,"AboveNormal","True",""
2026-04-29T01:08:36.8045698+02:00,5,"DESKTOP-KNEKQN9\Asus","rustdesk",10768,0,6.36,21.82,15,208,"AboveNormal","True",""
2026-04-29T01:08:36.8045698+02:00,5,"DESKTOP-KNEKQN9\Asus","rustdesk",8396,0.01,119.13,120.05,37,571,"AboveNormal","True",""
2026-04-29T01:08:36.8045698+02:00,5,"DESKTOP-KNEKQN9\Asus","mstsc",4068,0,323.77,299.78,35,1434,"AboveNormal","True",""
2026-04-29T01:08:36.8045698+02:00,5,"DESKTOP-KNEKQN9\Asus","mstsc",6644,0,325.38,299.64,35,1413,"AboveNormal","True",""
2026-04-29T01:08:36.8045698+02:00,5,"DESKTOP-KNEKQN9\Asus","mstsc",7580,0,321,298.32,35,1413,"AboveNormal","True",""
2026-04-29T01:08:36.8045698+02:00,5,"DESKTOP-KNEKQN9\Acc3","uihost",11512,0,10.84,26.79,56,495,"Normal","True",""
2026-04-29T01:08:36.8045698+02:00,5,"DESKTOP-KNEKQN9\Acc3","rdpclip",11612,0,2.55,13.6,10,326,"Normal","True",""
2026-04-29T01:08:36.8045698+02:00,5,"DESKTOP-KNEKQN9\Acc3","sihost",12340,0,6.55,43.8,11,666,"Normal","True",""
2026-04-29T01:08:36.8045698+02:00,5,"DESKTOP-KNEKQN9\Acc1","rdpclip",12656,0,2.52,13.59,10,328,"Normal","True",""
2026-04-29T01:08:36.8045698+02:00,5,"DESKTOP-KNEKQN9\Acc1","sihost",12908,0,6.5,43.77,11,665,"Normal","True",""
2026-04-29T01:08:36.8045698+02:00,5,"DESKTOP-KNEKQN9\Acc1","uihost",13004,0,10.36,26.7,56,497,"Normal","True",""
2026-04-29T01:08:36.8045698+02:00,5,"DESKTOP-KNEKQN9\Acc3","taskhostw",13276,0,3.55,15.35,7,244,"Normal","True",""
2026-04-29T01:08:36.8045698+02:00,5,"DESKTOP-KNEKQN9\Acc2","rdpclip",10340,0,2.52,13.61,10,329,"Normal","True",""
2026-04-29T01:08:36.8045698+02:00,5,"DESKTOP-KNEKQN9\Acc2","uihost",13688,0,10.37,26.64,56,495,"Normal","True",""
2026-04-29T01:08:36.8045698+02:00,5,"DESKTOP-KNEKQN9\Acc2","sihost",13780,0,6.59,43.86,11,664,"Normal","True",""
2026-04-29T01:08:36.8045698+02:00,5,"DESKTOP-KNEKQN9\Acc3","explorer",14092,0.01,114.07,197.97,44,2502,"AboveNormal","True",""
2026-04-29T01:08:36.8045698+02:00,5,"DESKTOP-KNEKQN9\Acc1","taskhostw",14164,0,3.55,15.38,7,245,"Normal","True",""
2026-04-29T01:08:36.8045698+02:00,5,"DESKTOP-KNEKQN9\Acc3","shellhost",13792,0,37.24,64.5,7,441,"Normal","True",""
2026-04-29T01:08:36.8045698+02:00,5,"DESKTOP-KNEKQN9\Acc1","explorer",14512,0.01,115.78,198.87,44,2487,"AboveNormal","True",""
2026-04-29T01:08:36.8045698+02:00,5,"DESKTOP-KNEKQN9\Acc2","taskhostw",14520,0,3.57,15.39,7,243,"Normal","True",""
2026-04-29T01:08:36.8045698+02:00,5,"DESKTOP-KNEKQN9\Acc1","shellhost",14736,0,37.27,64.54,7,441,"Normal","True",""
2026-04-29T01:08:36.8045698+02:00,5,"DESKTOP-KNEKQN9\Acc1","crossdeviceresume",15136,0,39.02,69.2,7,463,"Normal","True",""
2026-04-29T01:08:36.8045698+02:00,5,"DESKTOP-KNEKQN9\Acc3","crossdeviceresume",15180,0,38.87,69.11,7,463,"Normal","True",""
2026-04-29T01:08:36.8045698+02:00,5,"DESKTOP-KNEKQN9\Acc2","explorer",15200,0.01,108.03,178.17,73,2676,"AboveNormal","True",""
2026-04-29T01:08:36.8045698+02:00,5,"DESKTOP-KNEKQN9\Acc2","shellhost",15216,0,54.86,58.42,14,497,"Normal","True",""
2026-04-29T01:08:36.8045698+02:00,5,"DESKTOP-KNEKQN9\Acc2","crossdeviceresume",14988,0,56.8,63.19,14,523,"Normal","True",""
2026-04-29T01:08:36.8045698+02:00,5,"DESKTOP-KNEKQN9\Acc1","dllhost",16292,0,2.08,12.95,3,182,"Normal","True",""
2026-04-29T01:08:36.8045698+02:00,5,"DESKTOP-KNEKQN9\Acc3","dllhost",16364,0,2.09,12.96,3,181,"Normal","True",""
2026-04-29T01:08:36.8045698+02:00,5,"DESKTOP-KNEKQN9\Acc2","dllhost",15764,0,2.08,12.95,3,182,"Normal","True",""
2026-04-29T01:08:36.8045698+02:00,5,"DESKTOP-KNEKQN9\Asus","mstsc",16436,0,321.34,297.69,35,1434,"AboveNormal","True",""
2026-04-29T01:08:36.8045698+02:00,5,"DESKTOP-KNEKQN9\Acc3","searchhost",16812,0,63.5,144.16,12,913,"Normal","True",""
2026-04-29T01:08:36.8045698+02:00,5,"DESKTOP-KNEKQN9\Acc3","startmenuexperiencehost",16796,0,78.5,140.78,14,858,"Normal","True",""
2026-04-29T01:08:36.8045698+02:00,5,"DESKTOP-KNEKQN9\Acc3","runtimebroker",17468,0,6.64,41.76,13,519,"Normal","True",""
2026-04-29T01:08:36.8045698+02:00,5,"DESKTOP-KNEKQN9\Acc3","msedgewebview2",18412,0,39.86,115.74,49,1206,"Normal","True",""
2026-04-29T01:08:36.8045698+02:00,5,"DESKTOP-KNEKQN9\Acc3","msedgewebview2",18084,0,2.27,9.39,7,148,"Normal","True",""
2026-04-29T01:08:36.8045698+02:00,5,"DESKTOP-KNEKQN9\Acc4","rdpclip",18700,0,2.53,13.46,10,326,"Normal","True",""
2026-04-29T01:08:36.8045698+02:00,5,"DESKTOP-KNEKQN9\Acc3","msedgewebview2",18816,0,66.88,84.5,20,513,"AboveNormal","True",""
2026-04-29T01:08:36.8045698+02:00,5,"DESKTOP-KNEKQN9\Acc1","startmenuexperiencehost",18880,0,78.27,140.51,14,857,"Normal","True",""
2026-04-29T01:08:36.8045698+02:00,5,"DESKTOP-KNEKQN9\Acc1","searchhost",18920,0,63.34,144.08,12,912,"Normal","True",""
2026-04-29T01:08:36.8045698+02:00,5,"DESKTOP-KNEKQN9\Acc4","sihost",18968,0,6.62,43.91,11,664,"Normal","True",""
2026-04-29T01:08:36.8045698+02:00,5,"DESKTOP-KNEKQN9\Acc3","msedgewebview2",19036,0,12.75,35.7,20,314,"Normal","True",""
2026-04-29T01:08:36.8045698+02:00,5,"DESKTOP-KNEKQN9\Acc3","msedgewebview2",19280,0,9.3,19.04,8,169,"Normal","True",""
2026-04-29T01:08:36.8045698+02:00,5,"DESKTOP-KNEKQN9\Acc1","runtimebroker",19416,0,6.61,41.7,13,519,"Normal","True",""
2026-04-29T01:08:36.8045698+02:00,5,"DESKTOP-KNEKQN9\Acc3","msedgewebview2",19424,0,49.98,90.38,24,302,"Normal","True",""
2026-04-29T01:08:36.8045698+02:00,5,"DESKTOP-KNEKQN9\Acc4","uihost",19544,0,10.08,26.86,56,495,"Normal","True",""
2026-04-29T01:08:36.8045698+02:00,5,"DESKTOP-KNEKQN9\Acc4","taskhostw",19632,0,3.7,15.51,7,245,"Normal","True",""
2026-04-29T01:08:36.8045698+02:00,5,"DESKTOP-KNEKQN9\Acc4","shellhost",19592,0,53.73,58.37,14,497,"Normal","True",""
2026-04-29T01:08:36.8045698+02:00,5,"DESKTOP-KNEKQN9\Acc4","explorer",19836,0.03,108.35,177.91,73,2651,"AboveNormal","True",""
2026-04-29T01:08:36.8045698+02:00,5,"DESKTOP-KNEKQN9\Acc4","crossdeviceresume",20488,0,55.7,63.19,14,527,"Normal","True",""
2026-04-29T01:08:36.8045698+02:00,5,"DESKTOP-KNEKQN9\Acc1","msedgewebview2",20688,0,38.99,115.66,49,1209,"Normal","True",""
2026-04-29T01:08:36.8045698+02:00,5,"DESKTOP-KNEKQN9\Acc1","msedgewebview2",20744,0,2.28,9.39,7,148,"Normal","True",""
2026-04-29T01:08:36.8045698+02:00,5,"DESKTOP-KNEKQN9\Acc1","msedgewebview2",21324,0,13.06,35.88,23,329,"Normal","True",""
2026-04-29T01:08:36.8045698+02:00,5,"DESKTOP-KNEKQN9\Acc1","msedgewebview2",21332,0,65.01,82.9,19,500,"AboveNormal","True",""
2026-04-29T01:08:36.8045698+02:00,5,"DESKTOP-KNEKQN9\Acc1","msedgewebview2",21400,0,9.29,19.17,8,171,"Normal","True",""
2026-04-29T01:08:36.8045698+02:00,5,"DESKTOP-KNEKQN9\Acc1","msedgewebview2",20828,0,49.1,87.96,24,302,"Normal","True",""
2026-04-29T01:08:36.8045698+02:00,5,"DESKTOP-KNEKQN9\Acc2","startmenuexperiencehost",21572,0,96.7,136.19,23,969,"Normal","True",""
2026-04-29T01:08:36.8045698+02:00,5,"DESKTOP-KNEKQN9\Acc2","searchhost",21612,0,81.46,133.27,20,983,"Normal","True",""
2026-04-29T01:08:36.8045698+02:00,5,"DESKTOP-KNEKQN9\Acc2","runtimebroker",21808,0,6.61,41.7,13,520,"Normal","True",""
2026-04-29T01:08:36.8045698+02:00,5,"DESKTOP-KNEKQN9\Acc4","dllhost",22272,0,2.05,12.92,3,181,"Normal","True",""
2026-04-29T01:08:36.8045698+02:00,5,"DESKTOP-KNEKQN9\Acc2","msedgewebview2",22388,0,39.02,115.63,49,1200,"Normal","True",""
2026-04-29T01:08:36.8045698+02:00,5,"DESKTOP-KNEKQN9\Acc2","msedgewebview2",22452,0,2.29,9.4,7,148,"Normal","True",""
2026-04-29T01:08:36.8045698+02:00,5,"DESKTOP-KNEKQN9\Acc2","msedgewebview2",16308,0,70.5,59,38,590,"AboveNormal","True",""
2026-04-29T01:08:36.8045698+02:00,5,"DESKTOP-KNEKQN9\Acc2","msedgewebview2",22236,0,12.93,35.7,22,324,"Normal","True",""
2026-04-29T01:08:36.8045698+02:00,5,"DESKTOP-KNEKQN9\Acc2","msedgewebview2",22460,0,9.38,19.31,8,172,"Normal","True",""
2026-04-29T01:08:36.8045698+02:00,5,"DESKTOP-KNEKQN9\Acc2","msedgewebview2",22564,0,51.29,90.41,24,302,"Normal","True",""
2026-04-29T01:08:36.8045698+02:00,5,"DESKTOP-KNEKQN9\Acc4","startmenuexperiencehost",23476,0,95.45,134.64,22,937,"Normal","True",""
2026-04-29T01:08:36.8045698+02:00,5,"DESKTOP-KNEKQN9\Acc4","searchhost",23488,0,81.6,133.27,20,983,"Normal","True",""
2026-04-29T01:08:36.8045698+02:00,5,"DESKTOP-KNEKQN9\Acc4","runtimebroker",6444,0,6.65,41.73,13,518,"Normal","True",""
2026-04-29T01:08:36.8045698+02:00,5,"DESKTOP-KNEKQN9\Acc4","msedgewebview2",15556,0,39.46,115.96,49,1207,"Normal","True",""
2026-04-29T01:08:36.8045698+02:00,5,"DESKTOP-KNEKQN9\Acc4","msedgewebview2",13572,0,2.27,9.39,7,148,"Normal","True",""
2026-04-29T01:08:36.8045698+02:00,5,"DESKTOP-KNEKQN9\Acc4","msedgewebview2",23364,0,70.1,62.4,41,603,"AboveNormal","True",""
2026-04-29T01:08:36.8045698+02:00,5,"DESKTOP-KNEKQN9\Acc4","msedgewebview2",13568,0,12.88,35.72,22,322,"Normal","True",""
2026-04-29T01:08:36.8045698+02:00,5,"DESKTOP-KNEKQN9\Acc4","msedgewebview2",22816,0,9.31,19.2,8,171,"Normal","True",""
2026-04-29T01:08:36.8045698+02:00,5,"DESKTOP-KNEKQN9\Acc3","ctfmon",23668,0,3.82,21.86,13,437,"High","True",""
2026-04-29T01:08:36.8045698+02:00,5,"DESKTOP-KNEKQN9\Acc4","msedgewebview2",23764,0,52.6,92.67,24,302,"Normal","True",""
2026-04-29T01:08:36.8045698+02:00,5,"DESKTOP-KNEKQN9\Acc1","ctfmon",18456,0,3.73,21.8,13,437,"High","True",""
2026-04-29T01:08:36.8045698+02:00,5,"DESKTOP-KNEKQN9\Acc3","textinputhost",24152,0,48.52,95.91,19,922,"High","True",""
2026-04-29T01:08:36.8045698+02:00,5,"DESKTOP-KNEKQN9\Acc2","ctfmon",18672,0,3.75,21.81,13,435,"High","True",""
2026-04-29T01:08:36.8045698+02:00,5,"DESKTOP-KNEKQN9\Acc1","textinputhost",18424,0.01,48.56,95.93,19,920,"High","True",""
2026-04-29T01:08:36.8045698+02:00,5,"DESKTOP-KNEKQN9\Acc2","textinputhost",15552,0,65.8,93.12,28,1009,"High","True",""
2026-04-29T01:08:36.8045698+02:00,5,"DESKTOP-KNEKQN9\Acc4","ctfmon",12160,0,3.66,20.64,13,429,"High","True",""
2026-04-29T01:08:36.8045698+02:00,5,"DESKTOP-KNEKQN9\Acc4","textinputhost",20228,0,63.57,84.04,27,932,"High","True",""
2026-04-29T01:08:36.8045698+02:00,5,"DESKTOP-KNEKQN9\Acc3","rtkauduservice64",24092,0,3.46,9.29,11,349,"BelowNormal","True",""
2026-04-29T01:08:36.8045698+02:00,5,"DESKTOP-KNEKQN9\Acc1","rtkauduservice64",9284,0,3.54,9.28,11,349,"BelowNormal","True",""
2026-04-29T01:08:36.8045698+02:00,5,"DESKTOP-KNEKQN9\Acc2","rtkauduservice64",15604,0,3.39,9.23,11,349,"BelowNormal","True",""
2026-04-29T01:08:36.8045698+02:00,5,"DESKTOP-KNEKQN9\Acc4","rtkauduservice64",14504,0,3.45,9.46,11,349,"BelowNormal","True",""
2026-04-29T01:08:36.8045698+02:00,5,"DESKTOP-KNEKQN9\Asus","taskmgr",14540,0.25,87.53,151.95,24,1038,"AboveNormal","True",""
2026-04-29T01:08:36.8045698+02:00,5,"DESKTOP-KNEKQN9\Asus","powershell",15524,0.29,81.71,103.32,17,673,"AboveNormal","True",""
2026-04-29T01:08:57.0143384+02:00,6,"ZARZĄDZANIE NT\SYSTEM","rustdesk",4312,0.01,4.66,19.04,5,228,"AboveNormal","True",""
2026-04-29T01:08:57.0143384+02:00,6,"ZARZĄDZANIE NT\SYSTEM","rustdesk",5372,0.14,229.09,193.49,80,696,"AboveNormal","True",""
2026-04-29T01:08:57.0143384+02:00,6,"DESKTOP-KNEKQN9\Asus","explorer",7620,0.04,214.56,337.41,97,4399,"AboveNormal","True",""
2026-04-29T01:08:57.0143384+02:00,6,"DESKTOP-KNEKQN9\Asus","rustdesk",10768,0.01,6.36,21.82,15,208,"AboveNormal","True",""
2026-04-29T01:08:57.0143384+02:00,6,"DESKTOP-KNEKQN9\Asus","rustdesk",8396,0.02,118.65,120.18,37,577,"AboveNormal","True",""
2026-04-29T01:08:57.0143384+02:00,6,"DESKTOP-KNEKQN9\Asus","mstsc",4068,0,323.77,300,35,1433,"AboveNormal","True",""
2026-04-29T01:08:57.0143384+02:00,6,"DESKTOP-KNEKQN9\Asus","mstsc",6644,0,325.38,299.86,35,1412,"AboveNormal","True",""
2026-04-29T01:08:57.0143384+02:00,6,"DESKTOP-KNEKQN9\Asus","mstsc",7580,0.01,321,298.54,35,1412,"AboveNormal","True",""
2026-04-29T01:08:57.0143384+02:00,6,"DESKTOP-KNEKQN9\Acc3","uihost",11512,0.01,10.79,26.95,58,497,"Normal","True",""
2026-04-29T01:08:57.0143384+02:00,6,"DESKTOP-KNEKQN9\Acc3","rdpclip",11612,0,2.65,13.79,13,326,"Normal","True",""
2026-04-29T01:08:57.0143384+02:00,6,"DESKTOP-KNEKQN9\Acc3","sihost",12340,0.01,6.66,44.32,14,693,"Normal","True",""
2026-04-29T01:08:57.0143384+02:00,6,"DESKTOP-KNEKQN9\Acc1","rdpclip",12656,0,2.59,13.76,12,328,"Normal","True",""
2026-04-29T01:08:57.0143384+02:00,6,"DESKTOP-KNEKQN9\Acc1","sihost",12908,0.01,6.65,44.32,15,692,"Normal","True",""
2026-04-29T01:08:57.0143384+02:00,6,"DESKTOP-KNEKQN9\Acc1","uihost",13004,0.01,10.44,26.88,58,499,"Normal","True",""
2026-04-29T01:08:57.0143384+02:00,6,"DESKTOP-KNEKQN9\Acc3","taskhostw",13276,0,3.55,15.46,7,244,"Normal","True",""
2026-04-29T01:08:57.0143384+02:00,6,"DESKTOP-KNEKQN9\Acc2","rdpclip",10340,0,2.62,13.79,13,329,"Normal","True",""
2026-04-29T01:08:57.0143384+02:00,6,"DESKTOP-KNEKQN9\Acc2","uihost",13688,0.01,10,26.82,59,497,"Normal","True",""
2026-04-29T01:08:57.0143384+02:00,6,"DESKTOP-KNEKQN9\Acc2","sihost",13780,0,6.73,44.41,14,690,"Normal","True",""
2026-04-29T01:08:57.0143384+02:00,6,"DESKTOP-KNEKQN9\Acc3","explorer",14092,0.04,113.86,198.17,46,2513,"AboveNormal","True",""
2026-04-29T01:08:57.0143384+02:00,6,"DESKTOP-KNEKQN9\Acc1","taskhostw",14164,0,3.55,15.48,7,245,"Normal","True",""
2026-04-29T01:08:57.0143384+02:00,6,"DESKTOP-KNEKQN9\Acc3","shellhost",13792,0,37.25,64.76,7,441,"Normal","True",""
2026-04-29T01:08:57.0143384+02:00,6,"DESKTOP-KNEKQN9\Acc1","explorer",14512,0.02,115.47,199,47,2502,"AboveNormal","True",""
2026-04-29T01:08:57.0143384+02:00,6,"DESKTOP-KNEKQN9\Acc2","taskhostw",14520,0,3.57,15.49,7,243,"Normal","True",""
2026-04-29T01:08:57.0143384+02:00,6,"DESKTOP-KNEKQN9\Acc1","shellhost",14736,0,37.3,64.8,8,441,"Normal","True",""
2026-04-29T01:08:57.0143384+02:00,6,"DESKTOP-KNEKQN9\Acc1","crossdeviceresume",15136,0,39.07,69.42,8,463,"Normal","True",""
2026-04-29T01:08:57.0143384+02:00,6,"DESKTOP-KNEKQN9\Acc3","crossdeviceresume",15180,0,38.93,69.33,8,463,"Normal","True",""
2026-04-29T01:08:57.0143384+02:00,6,"DESKTOP-KNEKQN9\Acc2","explorer",15200,0.03,107.88,178.16,76,2695,"AboveNormal","True",""
2026-04-29T01:08:57.0143384+02:00,6,"DESKTOP-KNEKQN9\Acc2","shellhost",15216,0,54.86,58.69,14,497,"Normal","True",""
2026-04-29T01:08:57.0143384+02:00,6,"DESKTOP-KNEKQN9\Acc2","crossdeviceresume",14988,0,56.89,63.44,16,527,"Normal","True",""
2026-04-29T01:08:57.0143384+02:00,6,"DESKTOP-KNEKQN9\Acc1","dllhost",16292,0,2.18,13.09,5,182,"Normal","True",""
2026-04-29T01:08:57.0143384+02:00,6,"DESKTOP-KNEKQN9\Acc3","dllhost",16364,0,2.19,13.09,5,181,"Normal","True",""
2026-04-29T01:08:57.0143384+02:00,6,"DESKTOP-KNEKQN9\Acc2","dllhost",15764,0,2.18,13.08,5,182,"Normal","True",""
2026-04-29T01:08:57.0143384+02:00,6,"DESKTOP-KNEKQN9\Asus","mstsc",16436,0,321.34,297.9,35,1433,"AboveNormal","True",""
2026-04-29T01:08:57.0143384+02:00,6,"DESKTOP-KNEKQN9\Acc3","searchhost",16812,0,63.55,144.48,13,913,"Normal","True",""
2026-04-29T01:08:57.0143384+02:00,6,"DESKTOP-KNEKQN9\Acc3","startmenuexperiencehost",16796,0.02,78.58,141.09,17,859,"Normal","True",""
2026-04-29T01:08:57.0143384+02:00,6,"DESKTOP-KNEKQN9\Acc3","runtimebroker",17468,0,6.71,42.02,14,523,"Normal","True",""
2026-04-29T01:08:57.0143384+02:00,6,"DESKTOP-KNEKQN9\Acc3","msedgewebview2",18412,0.01,39.94,116.14,50,1208,"Normal","True",""
2026-04-29T01:08:57.0143384+02:00,6,"DESKTOP-KNEKQN9\Acc3","msedgewebview2",18084,0,2.42,9.56,10,148,"Normal","True",""
2026-04-29T01:08:57.0143384+02:00,6,"DESKTOP-KNEKQN9\Acc4","rdpclip",18700,0.01,2.6,13.63,12,326,"Normal","True",""
2026-04-29T01:08:57.0143384+02:00,6,"DESKTOP-KNEKQN9\Acc3","msedgewebview2",18816,0,67,84.73,22,513,"AboveNormal","True",""
2026-04-29T01:08:57.0143384+02:00,6,"DESKTOP-KNEKQN9\Acc1","startmenuexperiencehost",18880,0,78.32,140.81,16,858,"Normal","True",""
2026-04-29T01:08:57.0143384+02:00,6,"DESKTOP-KNEKQN9\Acc1","searchhost",18920,0.01,63.38,144.4,13,912,"Normal","True",""
2026-04-29T01:08:57.0143384+02:00,6,"DESKTOP-KNEKQN9\Acc4","sihost",18968,0.01,6.73,44.44,14,690,"Normal","True",""
2026-04-29T01:08:57.0143384+02:00,6,"DESKTOP-KNEKQN9\Acc3","msedgewebview2",19036,0,12.8,35.83,21,314,"Normal","True",""
2026-04-29T01:08:57.0143384+02:00,6,"DESKTOP-KNEKQN9\Acc3","msedgewebview2",19280,0,9.4,19.17,10,169,"Normal","True",""
2026-04-29T01:08:57.0143384+02:00,6,"DESKTOP-KNEKQN9\Acc1","runtimebroker",19416,0,6.68,41.95,14,523,"Normal","True",""
2026-04-29T01:08:57.0143384+02:00,6,"DESKTOP-KNEKQN9\Acc3","msedgewebview2",19424,0,50.05,90.52,25,302,"Normal","True",""
2026-04-29T01:08:57.0143384+02:00,6,"DESKTOP-KNEKQN9\Acc4","uihost",19544,0.01,10.67,27,58,497,"Normal","True",""
2026-04-29T01:08:57.0143384+02:00,6,"DESKTOP-KNEKQN9\Acc4","taskhostw",19632,0,3.7,15.61,7,245,"Normal","True",""
2026-04-29T01:08:57.0143384+02:00,6,"DESKTOP-KNEKQN9\Acc4","shellhost",19592,0,53.73,58.64,14,497,"Normal","True",""
2026-04-29T01:08:57.0143384+02:00,6,"DESKTOP-KNEKQN9\Acc4","explorer",19836,0.04,107.46,176.66,74,2652,"AboveNormal","True",""
2026-04-29T01:08:57.0143384+02:00,6,"DESKTOP-KNEKQN9\Acc4","crossdeviceresume",20488,0,55.8,63.44,16,531,"Normal","True",""
2026-04-29T01:08:57.0143384+02:00,6,"DESKTOP-KNEKQN9\Acc1","msedgewebview2",20688,0.01,39.07,116.07,50,1211,"Normal","True",""
2026-04-29T01:08:57.0143384+02:00,6,"DESKTOP-KNEKQN9\Acc1","msedgewebview2",20744,0,2.42,9.56,10,148,"Normal","True",""
2026-04-29T01:08:57.0143384+02:00,6,"DESKTOP-KNEKQN9\Acc1","msedgewebview2",21324,0,13.18,36.05,25,329,"Normal","True",""
2026-04-29T01:08:57.0143384+02:00,6,"DESKTOP-KNEKQN9\Acc1","msedgewebview2",21332,0,65.08,83.09,20,500,"AboveNormal","True",""
2026-04-29T01:08:57.0143384+02:00,6,"DESKTOP-KNEKQN9\Acc1","msedgewebview2",21400,0,9.45,19.33,11,171,"Normal","True",""
2026-04-29T01:08:57.0143384+02:00,6,"DESKTOP-KNEKQN9\Acc1","msedgewebview2",20828,0.01,49.12,88.06,24,302,"Normal","True",""
2026-04-29T01:08:57.0143384+02:00,6,"DESKTOP-KNEKQN9\Acc2","startmenuexperiencehost",21572,0,96.76,136.49,25,974,"Normal","True",""
2026-04-29T01:08:57.0143384+02:00,6,"DESKTOP-KNEKQN9\Acc2","searchhost",21612,0.01,81.51,133.61,21,985,"Normal","True",""
2026-04-29T01:08:57.0143384+02:00,6,"DESKTOP-KNEKQN9\Acc2","runtimebroker",21808,0,6.68,41.95,14,524,"Normal","True",""
2026-04-29T01:08:57.0143384+02:00,6,"DESKTOP-KNEKQN9\Acc4","dllhost",22272,0,2.15,13.06,5,181,"Normal","True",""
2026-04-29T01:08:57.0143384+02:00,6,"DESKTOP-KNEKQN9\Acc2","msedgewebview2",22388,0.01,39.05,116,49,1202,"Normal","True",""
2026-04-29T01:08:57.0143384+02:00,6,"DESKTOP-KNEKQN9\Acc2","msedgewebview2",22452,0,2.43,9.57,10,148,"Normal","True",""
2026-04-29T01:08:57.0143384+02:00,6,"DESKTOP-KNEKQN9\Acc2","msedgewebview2",16308,0,70.56,59.18,39,592,"AboveNormal","True",""
2026-04-29T01:08:57.0143384+02:00,6,"DESKTOP-KNEKQN9\Acc2","msedgewebview2",22236,0,13.06,35.88,24,324,"Normal","True",""
2026-04-29T01:08:57.0143384+02:00,6,"DESKTOP-KNEKQN9\Acc2","msedgewebview2",22460,0,9.47,19.43,10,172,"Normal","True",""
2026-04-29T01:08:57.0143384+02:00,6,"DESKTOP-KNEKQN9\Acc2","msedgewebview2",22564,0,51.3,90.52,24,302,"Normal","True",""
2026-04-29T01:08:57.0143384+02:00,6,"DESKTOP-KNEKQN9\Acc4","startmenuexperiencehost",23476,0,95.57,134.98,25,944,"Normal","True",""
2026-04-29T01:08:57.0143384+02:00,6,"DESKTOP-KNEKQN9\Acc4","searchhost",23488,0,81.65,133.61,21,985,"Normal","True",""
2026-04-29T01:08:57.0143384+02:00,6,"DESKTOP-KNEKQN9\Acc4","runtimebroker",6444,0,6.71,41.97,14,522,"Normal","True",""
2026-04-29T01:08:57.0143384+02:00,6,"DESKTOP-KNEKQN9\Acc4","msedgewebview2",15556,0,39.46,115.96,49,1207,"Normal","True",""
2026-04-29T01:08:57.0143384+02:00,6,"DESKTOP-KNEKQN9\Acc4","msedgewebview2",13572,0,2.27,9.39,7,148,"Normal","True",""
2026-04-29T01:08:57.0143384+02:00,6,"DESKTOP-KNEKQN9\Acc4","msedgewebview2",23364,0,70.1,62.4,41,603,"AboveNormal","True",""
2026-04-29T01:08:57.0143384+02:00,6,"DESKTOP-KNEKQN9\Acc4","msedgewebview2",13568,0,12.88,35.72,22,322,"Normal","True",""
2026-04-29T01:08:57.0143384+02:00,6,"DESKTOP-KNEKQN9\Acc4","msedgewebview2",22816,0,9.31,19.2,8,171,"Normal","True",""
2026-04-29T01:08:57.0143384+02:00,6,"DESKTOP-KNEKQN9\Acc3","ctfmon",23668,0,3.82,21.86,13,437,"High","True",""
2026-04-29T01:08:57.0143384+02:00,6,"DESKTOP-KNEKQN9\Acc4","msedgewebview2",23764,0,52.6,92.67,24,302,"Normal","True",""
2026-04-29T01:08:57.0143384+02:00,6,"DESKTOP-KNEKQN9\Acc1","ctfmon",18456,0,3.73,21.8,13,437,"High","True",""
2026-04-29T01:08:57.0143384+02:00,6,"DESKTOP-KNEKQN9\Acc3","textinputhost",24152,0,48.52,95.91,19,922,"High","True",""
2026-04-29T01:08:57.0143384+02:00,6,"DESKTOP-KNEKQN9\Acc2","ctfmon",18672,0,3.75,21.81,13,435,"High","True",""
2026-04-29T01:08:57.0143384+02:00,6,"DESKTOP-KNEKQN9\Acc1","textinputhost",18424,0,48.56,95.93,19,920,"High","True",""
2026-04-29T01:08:57.0143384+02:00,6,"DESKTOP-KNEKQN9\Acc2","textinputhost",15552,0,65.8,93.12,28,1009,"High","True",""
2026-04-29T01:08:57.0143384+02:00,6,"DESKTOP-KNEKQN9\Acc4","ctfmon",12160,0,3.66,20.64,13,429,"High","True",""
2026-04-29T01:08:57.0143384+02:00,6,"DESKTOP-KNEKQN9\Acc4","textinputhost",20228,0,63.57,84.04,27,932,"High","True",""
2026-04-29T01:08:57.0143384+02:00,6,"DESKTOP-KNEKQN9\Acc3","rtkauduservice64",24092,0,3.41,8.13,9,349,"BelowNormal","True",""
2026-04-29T01:08:57.0143384+02:00,6,"DESKTOP-KNEKQN9\Acc1","rtkauduservice64",9284,0.01,3.48,8.13,9,349,"BelowNormal","True",""
2026-04-29T01:08:57.0143384+02:00,6,"DESKTOP-KNEKQN9\Acc2","rtkauduservice64",15604,0,3.33,8.1,9,349,"BelowNormal","True",""
2026-04-29T01:08:57.0143384+02:00,6,"DESKTOP-KNEKQN9\Acc4","rtkauduservice64",14504,0,3.39,8.33,9,349,"BelowNormal","True",""
2026-04-29T01:08:57.0143384+02:00,6,"DESKTOP-KNEKQN9\Asus","taskmgr",14540,0.29,87.53,151.95,24,1038,"AboveNormal","True",""
2026-04-29T01:08:57.0143384+02:00,6,"DESKTOP-KNEKQN9\Asus","powershell",15524,0.29,82.89,104.58,13,657,"AboveNormal","True",""
2026-04-29T01:09:07.4719110+02:00,7,"ZARZĄDZANIE NT\SYSTEM","rustdesk",4312,0.01,4.66,19.04,5,228,"AboveNormal","True",""
2026-04-29T01:09:07.4719110+02:00,7,"ZARZĄDZANIE NT\SYSTEM","rustdesk",5372,0.1,229.09,193.49,80,696,"AboveNormal","True",""
2026-04-29T01:09:07.4719110+02:00,7,"DESKTOP-KNEKQN9\Asus","explorer",7620,0.05,214.82,337.5,97,4399,"AboveNormal","True",""
2026-04-29T01:09:07.4719110+02:00,7,"DESKTOP-KNEKQN9\Asus","rustdesk",10768,0,6.36,21.82,15,208,"AboveNormal","True",""
2026-04-29T01:09:07.4719110+02:00,7,"DESKTOP-KNEKQN9\Asus","rustdesk",8396,0.05,119.18,119.46,38,578,"AboveNormal","True",""
2026-04-29T01:09:07.4719110+02:00,7,"DESKTOP-KNEKQN9\Asus","mstsc",4068,0,323.77,300,35,1433,"AboveNormal","True",""
2026-04-29T01:09:07.4719110+02:00,7,"DESKTOP-KNEKQN9\Asus","mstsc",6644,0,325.38,299.86,35,1412,"AboveNormal","True",""
2026-04-29T01:09:07.4719110+02:00,7,"DESKTOP-KNEKQN9\Asus","mstsc",7580,0.03,321,298.54,35,1412,"AboveNormal","True",""
2026-04-29T01:09:07.4719110+02:00,7,"DESKTOP-KNEKQN9\Acc3","uihost",11512,0,10.79,26.95,58,497,"Normal","True",""
2026-04-29T01:09:07.4719110+02:00,7,"DESKTOP-KNEKQN9\Acc3","rdpclip",11612,0,2.65,13.79,13,326,"Normal","True",""
2026-04-29T01:09:07.4719110+02:00,7,"DESKTOP-KNEKQN9\Acc3","sihost",12340,0,6.66,44.32,14,693,"Normal","True",""
2026-04-29T01:09:07.4719110+02:00,7,"DESKTOP-KNEKQN9\Acc1","rdpclip",12656,0,2.59,13.76,12,328,"Normal","True",""
2026-04-29T01:09:07.4719110+02:00,7,"DESKTOP-KNEKQN9\Acc1","sihost",12908,0,6.65,44.32,15,692,"Normal","True",""
2026-04-29T01:09:07.4719110+02:00,7,"DESKTOP-KNEKQN9\Acc1","uihost",13004,0.01,10.44,26.88,58,499,"Normal","True",""
2026-04-29T01:09:07.4719110+02:00,7,"DESKTOP-KNEKQN9\Acc3","taskhostw",13276,0,3.55,15.46,7,244,"Normal","True",""
2026-04-29T01:09:07.4719110+02:00,7,"DESKTOP-KNEKQN9\Acc2","rdpclip",10340,0,2.62,13.79,13,329,"Normal","True",""
2026-04-29T01:09:07.4719110+02:00,7,"DESKTOP-KNEKQN9\Acc2","uihost",13688,0.01,10,26.82,59,497,"Normal","True",""
2026-04-29T01:09:07.4719110+02:00,7,"DESKTOP-KNEKQN9\Acc2","sihost",13780,0,6.73,44.41,14,690,"Normal","True",""
2026-04-29T01:09:07.4719110+02:00,7,"DESKTOP-KNEKQN9\Acc3","explorer",14092,0,113.86,198.18,46,2513,"AboveNormal","True",""
2026-04-29T01:09:07.4719110+02:00,7,"DESKTOP-KNEKQN9\Acc1","taskhostw",14164,0,3.55,15.48,7,245,"Normal","True",""
2026-04-29T01:09:07.4719110+02:00,7,"DESKTOP-KNEKQN9\Acc3","shellhost",13792,0,37.25,64.76,7,441,"Normal","True",""
2026-04-29T01:09:07.4719110+02:00,7,"DESKTOP-KNEKQN9\Acc1","explorer",14512,0.03,115.47,199,47,2502,"AboveNormal","True",""
2026-04-29T01:09:07.4719110+02:00,7,"DESKTOP-KNEKQN9\Acc2","taskhostw",14520,0,3.57,15.49,7,243,"Normal","True",""
2026-04-29T01:09:07.4719110+02:00,7,"DESKTOP-KNEKQN9\Acc1","shellhost",14736,0,37.3,64.8,8,441,"Normal","True",""
2026-04-29T01:09:07.4719110+02:00,7,"DESKTOP-KNEKQN9\Acc1","crossdeviceresume",15136,0,39.02,69.39,7,459,"Normal","True",""
2026-04-29T01:09:07.4719110+02:00,7,"DESKTOP-KNEKQN9\Acc3","crossdeviceresume",15180,0,38.88,69.31,7,459,"Normal","True",""
2026-04-29T01:09:07.4719110+02:00,7,"DESKTOP-KNEKQN9\Acc2","explorer",15200,0.01,107.88,178.39,76,2695,"AboveNormal","True",""
2026-04-29T01:09:07.4719110+02:00,7,"DESKTOP-KNEKQN9\Acc2","shellhost",15216,0,54.86,58.69,14,497,"Normal","True",""
2026-04-29T01:09:07.4719110+02:00,7,"DESKTOP-KNEKQN9\Acc2","crossdeviceresume",14988,0,56.86,63.42,15,523,"Normal","True",""
2026-04-29T01:09:07.4719110+02:00,7,"DESKTOP-KNEKQN9\Acc1","dllhost",16292,0,2.18,13.09,5,182,"Normal","True",""
2026-04-29T01:09:07.4719110+02:00,7,"DESKTOP-KNEKQN9\Acc3","dllhost",16364,0,2.19,13.09,5,181,"Normal","True",""
2026-04-29T01:09:07.4719110+02:00,7,"DESKTOP-KNEKQN9\Acc2","dllhost",15764,0,2.18,13.08,5,182,"Normal","True",""
2026-04-29T01:09:07.4719110+02:00,7,"DESKTOP-KNEKQN9\Asus","mstsc",16436,0,321.34,297.9,35,1433,"AboveNormal","True",""
2026-04-29T01:09:07.4719110+02:00,7,"DESKTOP-KNEKQN9\Acc3","searchhost",16812,0,63.55,144.48,13,913,"Normal","True",""
2026-04-29T01:09:07.4719110+02:00,7,"DESKTOP-KNEKQN9\Acc3","startmenuexperiencehost",16796,0,78.58,141.09,17,859,"Normal","True",""
2026-04-29T01:09:07.4719110+02:00,7,"DESKTOP-KNEKQN9\Acc3","runtimebroker",17468,0,6.71,42.02,14,523,"Normal","True",""
2026-04-29T01:09:07.4719110+02:00,7,"DESKTOP-KNEKQN9\Acc3","msedgewebview2",18412,0,40.2,116.45,50,1208,"Normal","True",""
2026-04-29T01:09:07.4719110+02:00,7,"DESKTOP-KNEKQN9\Acc3","msedgewebview2",18084,0,2.42,9.56,10,148,"Normal","True",""
2026-04-29T01:09:07.4719110+02:00,7,"DESKTOP-KNEKQN9\Acc4","rdpclip",18700,0,2.6,13.63,12,326,"Normal","True",""
2026-04-29T01:09:07.4719110+02:00,7,"DESKTOP-KNEKQN9\Acc3","msedgewebview2",18816,0,67,84.73,22,513,"AboveNormal","True",""
2026-04-29T01:09:07.4719110+02:00,7,"DESKTOP-KNEKQN9\Acc1","startmenuexperiencehost",18880,0,78.32,140.81,16,858,"Normal","True",""
2026-04-29T01:09:07.4719110+02:00,7,"DESKTOP-KNEKQN9\Acc1","searchhost",18920,0,63.38,144.4,13,912,"Normal","True",""
2026-04-29T01:09:07.4719110+02:00,7,"DESKTOP-KNEKQN9\Acc4","sihost",18968,0,6.73,44.44,14,690,"Normal","True",""
2026-04-29T01:09:07.4719110+02:00,7,"DESKTOP-KNEKQN9\Acc3","msedgewebview2",19036,0,12.8,35.84,21,314,"Normal","True",""
2026-04-29T01:09:07.4719110+02:00,7,"DESKTOP-KNEKQN9\Acc3","msedgewebview2",19280,0,9.4,19.17,10,169,"Normal","True",""
2026-04-29T01:09:07.4719110+02:00,7,"DESKTOP-KNEKQN9\Acc1","runtimebroker",19416,0,6.68,41.95,14,523,"Normal","True",""
2026-04-29T01:09:07.4719110+02:00,7,"DESKTOP-KNEKQN9\Acc3","msedgewebview2",19424,0,50.08,90.57,26,302,"Normal","True",""
2026-04-29T01:09:07.4719110+02:00,7,"DESKTOP-KNEKQN9\Acc4","uihost",19544,0,10.67,27,58,497,"Normal","True",""
2026-04-29T01:09:07.4719110+02:00,7,"DESKTOP-KNEKQN9\Acc4","taskhostw",19632,0,4.24,16.52,8,252,"Normal","True",""
2026-04-29T01:09:07.4719110+02:00,7,"DESKTOP-KNEKQN9\Acc4","shellhost",19592,0,53.73,58.64,14,497,"Normal","True",""
2026-04-29T01:09:07.4719110+02:00,7,"DESKTOP-KNEKQN9\Acc4","explorer",19836,0,108.02,178.08,75,2667,"AboveNormal","True",""
2026-04-29T01:09:07.4719110+02:00,7,"DESKTOP-KNEKQN9\Acc4","crossdeviceresume",20488,0,55.8,63.44,16,531,"Normal","True",""
2026-04-29T01:09:07.4719110+02:00,7,"DESKTOP-KNEKQN9\Acc1","msedgewebview2",20688,0,39.36,116.4,50,1211,"Normal","True",""
2026-04-29T01:09:07.4719110+02:00,7,"DESKTOP-KNEKQN9\Acc1","msedgewebview2",20744,0,2.42,9.56,10,148,"Normal","True",""
2026-04-29T01:09:07.4719110+02:00,7,"DESKTOP-KNEKQN9\Acc1","msedgewebview2",21324,0,13.18,36.05,25,329,"Normal","True",""
2026-04-29T01:09:07.4719110+02:00,7,"DESKTOP-KNEKQN9\Acc1","msedgewebview2",21332,0,65.08,83.09,20,500,"AboveNormal","True",""
2026-04-29T01:09:07.4719110+02:00,7,"DESKTOP-KNEKQN9\Acc1","msedgewebview2",21400,0,9.45,19.33,11,171,"Normal","True",""
2026-04-29T01:09:07.4719110+02:00,7,"DESKTOP-KNEKQN9\Acc1","msedgewebview2",20828,0,49.14,88.09,25,302,"Normal","True",""
2026-04-29T01:09:07.4719110+02:00,7,"DESKTOP-KNEKQN9\Acc2","startmenuexperiencehost",21572,0,96.76,136.49,25,974,"Normal","True",""
2026-04-29T01:09:07.4719110+02:00,7,"DESKTOP-KNEKQN9\Acc2","searchhost",21612,0,81.51,133.61,21,985,"Normal","True",""
2026-04-29T01:09:07.4719110+02:00,7,"DESKTOP-KNEKQN9\Acc2","runtimebroker",21808,0,6.68,41.95,14,524,"Normal","True",""
2026-04-29T01:09:07.4719110+02:00,7,"DESKTOP-KNEKQN9\Acc4","dllhost",22272,0,2.15,13.06,5,181,"Normal","True",""
2026-04-29T01:09:07.4719110+02:00,7,"DESKTOP-KNEKQN9\Acc2","msedgewebview2",22388,0,39.06,116.14,49,1202,"Normal","True",""
2026-04-29T01:09:07.4719110+02:00,7,"DESKTOP-KNEKQN9\Acc2","msedgewebview2",22452,0,2.43,9.57,10,148,"Normal","True",""
2026-04-29T01:09:07.4719110+02:00,7,"DESKTOP-KNEKQN9\Acc2","msedgewebview2",16308,0,70.56,59.18,39,592,"AboveNormal","True",""
2026-04-29T01:09:07.4719110+02:00,7,"DESKTOP-KNEKQN9\Acc2","msedgewebview2",22236,0,13.06,35.88,24,324,"Normal","True",""
2026-04-29T01:09:07.4719110+02:00,7,"DESKTOP-KNEKQN9\Acc2","msedgewebview2",22460,0,9.47,19.43,10,172,"Normal","True",""
2026-04-29T01:09:07.4719110+02:00,7,"DESKTOP-KNEKQN9\Acc2","msedgewebview2",22564,0,51.33,90.56,25,302,"Normal","True",""
2026-04-29T01:09:07.4719110+02:00,7,"DESKTOP-KNEKQN9\Acc4","startmenuexperiencehost",23476,0,95.57,134.99,25,944,"Normal","True",""
2026-04-29T01:09:07.4719110+02:00,7,"DESKTOP-KNEKQN9\Acc4","searchhost",23488,0,81.65,133.61,21,985,"Normal","True",""
2026-04-29T01:09:07.4719110+02:00,7,"DESKTOP-KNEKQN9\Acc4","runtimebroker",6444,0,6.71,41.98,14,522,"Normal","True",""
2026-04-29T01:09:07.4719110+02:00,7,"DESKTOP-KNEKQN9\Acc4","msedgewebview2",15556,0,39.92,116.79,49,1209,"Normal","True",""
2026-04-29T01:09:07.4719110+02:00,7,"DESKTOP-KNEKQN9\Acc4","msedgewebview2",13572,0,2.46,9.58,11,148,"Normal","True",""
2026-04-29T01:09:07.4719110+02:00,7,"DESKTOP-KNEKQN9\Acc4","msedgewebview2",23364,0,70.2,62.59,43,607,"AboveNormal","True",""
2026-04-29T01:09:07.4719110+02:00,7,"DESKTOP-KNEKQN9\Acc4","msedgewebview2",13568,0,13.01,35.91,24,322,"Normal","True",""
2026-04-29T01:09:07.4719110+02:00,7,"DESKTOP-KNEKQN9\Acc4","msedgewebview2",22816,0,9.41,19.32,10,171,"Normal","True",""
2026-04-29T01:09:07.4719110+02:00,7,"DESKTOP-KNEKQN9\Acc3","ctfmon",23668,0,5.24,27.13,21,513,"High","True",""
2026-04-29T01:09:07.4719110+02:00,7,"DESKTOP-KNEKQN9\Acc4","msedgewebview2",23764,0,52.64,92.81,25,302,"Normal","True",""
2026-04-29T01:09:07.4719110+02:00,7,"DESKTOP-KNEKQN9\Acc1","ctfmon",18456,0,5.14,27.06,21,513,"High","True",""
2026-04-29T01:09:07.4719110+02:00,7,"DESKTOP-KNEKQN9\Acc3","textinputhost",24152,0,48.55,96.14,20,922,"High","True",""
2026-04-29T01:09:07.4719110+02:00,7,"DESKTOP-KNEKQN9\Acc2","ctfmon",18672,0,5.16,27.07,21,511,"High","True",""
2026-04-29T01:09:07.4719110+02:00,7,"DESKTOP-KNEKQN9\Acc1","textinputhost",18424,0,48.56,96.14,19,920,"High","True",""
2026-04-29T01:09:07.4719110+02:00,7,"DESKTOP-KNEKQN9\Acc2","textinputhost",15552,0,65.85,93.36,29,1011,"High","True",""
2026-04-29T01:09:07.4719110+02:00,7,"DESKTOP-KNEKQN9\Acc4","ctfmon",12160,0,5.05,25.92,21,506,"High","True",""
2026-04-29T01:09:07.4719110+02:00,7,"DESKTOP-KNEKQN9\Acc4","textinputhost",20228,0,63.54,84.25,26,932,"High","True",""
2026-04-29T01:09:07.4719110+02:00,7,"DESKTOP-KNEKQN9\Acc3","rtkauduservice64",24092,0,3.41,7.61,9,349,"BelowNormal","True",""
2026-04-29T01:09:07.4719110+02:00,7,"DESKTOP-KNEKQN9\Acc1","rtkauduservice64",9284,0,3.48,7.58,9,349,"BelowNormal","True",""
2026-04-29T01:09:07.4719110+02:00,7,"DESKTOP-KNEKQN9\Acc2","rtkauduservice64",15604,0,3.33,7.59,9,349,"BelowNormal","True",""
2026-04-29T01:09:07.4719110+02:00,7,"DESKTOP-KNEKQN9\Acc4","rtkauduservice64",14504,0,3.39,7.75,9,349,"BelowNormal","True",""
2026-04-29T01:09:07.4719110+02:00,7,"DESKTOP-KNEKQN9\Asus","taskmgr",14540,0.27,87.53,151.96,24,1038,"AboveNormal","True",""
2026-04-29T01:09:07.4719110+02:00,7,"DESKTOP-KNEKQN9\Asus","powershell",15524,0.3,86.93,108.59,13,661,"AboveNormal","True",""
2026-04-29T01:09:17.4725956+02:00,8,"ZARZĄDZANIE NT\SYSTEM","rustdesk",4312,0,4.65,19.03,4,226,"AboveNormal","True",""
2026-04-29T01:09:17.4725956+02:00,8,"ZARZĄDZANIE NT\SYSTEM","rustdesk",5372,0.14,229.03,193.46,78,694,"AboveNormal","True",""
2026-04-29T01:09:17.4725956+02:00,8,"DESKTOP-KNEKQN9\Asus","explorer",7620,0.04,214.08,337.18,87,4351,"AboveNormal","True",""
2026-04-29T01:09:17.4725956+02:00,8,"DESKTOP-KNEKQN9\Asus","rustdesk",10768,0,6.36,21.82,15,208,"AboveNormal","True",""
2026-04-29T01:09:17.4725956+02:00,8,"DESKTOP-KNEKQN9\Asus","rustdesk",8396,0.05,118.67,120.32,37,577,"AboveNormal","True",""
2026-04-29T01:09:17.4725956+02:00,8,"DESKTOP-KNEKQN9\Asus","mstsc",4068,0,323.77,300,35,1435,"AboveNormal","True",""
2026-04-29T01:09:17.4725956+02:00,8,"DESKTOP-KNEKQN9\Asus","mstsc",6644,0,325.38,299.86,35,1412,"AboveNormal","True",""
2026-04-29T01:09:17.4725956+02:00,8,"DESKTOP-KNEKQN9\Asus","mstsc",7580,0,321,298.54,35,1412,"AboveNormal","True",""
2026-04-29T01:09:17.4725956+02:00,8,"DESKTOP-KNEKQN9\Acc3","uihost",11512,0,10.79,26.95,58,497,"Normal","True",""
2026-04-29T01:09:17.4725956+02:00,8,"DESKTOP-KNEKQN9\Acc3","rdpclip",11612,0,2.65,13.79,13,326,"Normal","True",""
2026-04-29T01:09:17.4725956+02:00,8,"DESKTOP-KNEKQN9\Acc3","sihost",12340,0,6.65,44.32,14,693,"Normal","True",""
2026-04-29T01:09:17.4725956+02:00,8,"DESKTOP-KNEKQN9\Acc1","rdpclip",12656,0,2.59,13.76,12,328,"Normal","True",""
2026-04-29T01:09:17.4725956+02:00,8,"DESKTOP-KNEKQN9\Acc1","sihost",12908,0,6.65,44.32,15,692,"Normal","True",""
2026-04-29T01:09:17.4725956+02:00,8,"DESKTOP-KNEKQN9\Acc1","uihost",13004,0,10.44,26.88,58,499,"Normal","True",""
2026-04-29T01:09:17.4725956+02:00,8,"DESKTOP-KNEKQN9\Acc3","taskhostw",13276,0,3.55,15.46,7,244,"Normal","True",""
2026-04-29T01:09:17.4725956+02:00,8,"DESKTOP-KNEKQN9\Acc2","rdpclip",10340,0,2.62,13.79,13,329,"Normal","True",""
2026-04-29T01:09:17.4725956+02:00,8,"DESKTOP-KNEKQN9\Acc2","uihost",13688,0.01,10,26.82,59,497,"Normal","True",""
2026-04-29T01:09:17.4725956+02:00,8,"DESKTOP-KNEKQN9\Acc2","sihost",13780,0,6.73,44.41,14,690,"Normal","True",""
2026-04-29T01:09:17.4725956+02:00,8,"DESKTOP-KNEKQN9\Acc3","explorer",14092,0.01,113.86,198.18,46,2514,"AboveNormal","True",""
2026-04-29T01:09:17.4725956+02:00,8,"DESKTOP-KNEKQN9\Acc1","taskhostw",14164,0,3.55,15.48,7,245,"Normal","True",""
2026-04-29T01:09:17.4725956+02:00,8,"DESKTOP-KNEKQN9\Acc3","shellhost",13792,0,37.25,64.76,7,441,"Normal","True",""
2026-04-29T01:09:17.4725956+02:00,8,"DESKTOP-KNEKQN9\Acc1","explorer",14512,0.03,115.46,199,47,2503,"AboveNormal","True",""
2026-04-29T01:09:17.4725956+02:00,8,"DESKTOP-KNEKQN9\Acc2","taskhostw",14520,0,3.57,15.49,7,243,"Normal","True",""
2026-04-29T01:09:17.4725956+02:00,8,"DESKTOP-KNEKQN9\Acc1","shellhost",14736,0,37.3,64.8,8,441,"Normal","True",""
2026-04-29T01:09:17.4725956+02:00,8,"DESKTOP-KNEKQN9\Acc1","crossdeviceresume",15136,0,39.02,69.39,7,459,"Normal","True",""
2026-04-29T01:09:17.4725956+02:00,8,"DESKTOP-KNEKQN9\Acc3","crossdeviceresume",15180,0,38.88,69.31,7,459,"Normal","True",""
2026-04-29T01:09:17.4725956+02:00,8,"DESKTOP-KNEKQN9\Acc2","explorer",15200,0,107.88,178.16,76,2698,"AboveNormal","True",""
2026-04-29T01:09:17.4725956+02:00,8,"DESKTOP-KNEKQN9\Acc2","shellhost",15216,0,54.86,58.69,14,497,"Normal","True",""
2026-04-29T01:09:17.4725956+02:00,8,"DESKTOP-KNEKQN9\Acc2","crossdeviceresume",14988,0,56.86,63.42,15,523,"Normal","True",""
2026-04-29T01:09:17.4725956+02:00,8,"DESKTOP-KNEKQN9\Acc1","dllhost",16292,0,2.18,13.09,5,182,"Normal","True",""
2026-04-29T01:09:17.4725956+02:00,8,"DESKTOP-KNEKQN9\Acc3","dllhost",16364,0,2.19,13.09,5,181,"Normal","True",""
2026-04-29T01:09:17.4725956+02:00,8,"DESKTOP-KNEKQN9\Acc2","dllhost",15764,0,2.18,13.08,5,182,"Normal","True",""
2026-04-29T01:09:17.4725956+02:00,8,"DESKTOP-KNEKQN9\Asus","mstsc",16436,0,321.34,297.9,35,1433,"AboveNormal","True",""
2026-04-29T01:09:17.4725956+02:00,8,"DESKTOP-KNEKQN9\Acc3","searchhost",16812,0,63.55,144.48,13,913,"Normal","True",""
2026-04-29T01:09:17.4725956+02:00,8,"DESKTOP-KNEKQN9\Acc3","startmenuexperiencehost",16796,0,78.58,141.09,17,859,"Normal","True",""
2026-04-29T01:09:17.4725956+02:00,8,"DESKTOP-KNEKQN9\Acc3","runtimebroker",17468,0,6.71,42.02,14,523,"Normal","True",""
2026-04-29T01:09:17.4725956+02:00,8,"DESKTOP-KNEKQN9\Acc3","msedgewebview2",18412,0,39.91,116.2,49,1204,"Normal","True",""
2026-04-29T01:09:17.4725956+02:00,8,"DESKTOP-KNEKQN9\Acc3","msedgewebview2",18084,0,2.42,9.56,10,148,"Normal","True",""
2026-04-29T01:09:17.4725956+02:00,8,"DESKTOP-KNEKQN9\Acc4","rdpclip",18700,0,2.6,13.63,12,326,"Normal","True",""
2026-04-29T01:09:17.4725956+02:00,8,"DESKTOP-KNEKQN9\Acc3","msedgewebview2",18816,0,67,84.73,22,513,"AboveNormal","True",""
2026-04-29T01:09:17.4725956+02:00,8,"DESKTOP-KNEKQN9\Acc1","startmenuexperiencehost",18880,0,78.32,140.81,16,858,"Normal","True",""
2026-04-29T01:09:17.4725956+02:00,8,"DESKTOP-KNEKQN9\Acc1","searchhost",18920,0,63.38,144.4,13,912,"Normal","True",""
2026-04-29T01:09:17.4725956+02:00,8,"DESKTOP-KNEKQN9\Acc4","sihost",18968,0,6.73,44.44,14,690,"Normal","True",""
2026-04-29T01:09:17.4725956+02:00,8,"DESKTOP-KNEKQN9\Acc3","msedgewebview2",19036,0,12.8,35.84,21,314,"Normal","True",""
2026-04-29T01:09:17.4725956+02:00,8,"DESKTOP-KNEKQN9\Acc3","msedgewebview2",19280,0,9.4,19.17,10,169,"Normal","True",""
2026-04-29T01:09:17.4725956+02:00,8,"DESKTOP-KNEKQN9\Acc1","runtimebroker",19416,0,6.68,41.95,14,523,"Normal","True",""
2026-04-29T01:09:17.4725956+02:00,8,"DESKTOP-KNEKQN9\Acc3","msedgewebview2",19424,0,50.08,90.57,26,302,"Normal","True",""
2026-04-29T01:09:17.4725956+02:00,8,"DESKTOP-KNEKQN9\Acc4","uihost",19544,0,10.67,27,58,497,"Normal","True",""
2026-04-29T01:09:17.4725956+02:00,8,"DESKTOP-KNEKQN9\Acc4","taskhostw",19632,0,4.24,16.52,8,252,"Normal","True",""
2026-04-29T01:09:17.4725956+02:00,8,"DESKTOP-KNEKQN9\Acc4","shellhost",19592,0,53.73,58.64,14,497,"Normal","True",""
2026-04-29T01:09:17.4725956+02:00,8,"DESKTOP-KNEKQN9\Acc4","explorer",19836,0.03,108.02,177.85,75,2667,"AboveNormal","True",""
2026-04-29T01:09:17.4725956+02:00,8,"DESKTOP-KNEKQN9\Acc4","crossdeviceresume",20488,0,55.77,63.42,15,527,"Normal","True",""
2026-04-29T01:09:17.4725956+02:00,8,"DESKTOP-KNEKQN9\Acc1","msedgewebview2",20688,0,39.31,116.38,49,1207,"Normal","True",""
2026-04-29T01:09:17.4725956+02:00,8,"DESKTOP-KNEKQN9\Acc1","msedgewebview2",20744,0,2.42,9.56,10,148,"Normal","True",""
2026-04-29T01:09:17.4725956+02:00,8,"DESKTOP-KNEKQN9\Acc1","msedgewebview2",21324,0,13.18,36.05,25,329,"Normal","True",""
2026-04-29T01:09:17.4725956+02:00,8,"DESKTOP-KNEKQN9\Acc1","msedgewebview2",21332,0,65.08,83.09,20,500,"AboveNormal","True",""
2026-04-29T01:09:17.4725956+02:00,8,"DESKTOP-KNEKQN9\Acc1","msedgewebview2",21400,0,9.45,19.33,11,171,"Normal","True",""
2026-04-29T01:09:17.4725956+02:00,8,"DESKTOP-KNEKQN9\Acc1","msedgewebview2",20828,0,49.14,88.09,25,302,"Normal","True",""
2026-04-29T01:09:17.4725956+02:00,8,"DESKTOP-KNEKQN9\Acc2","startmenuexperiencehost",21572,0,96.76,136.49,25,974,"Normal","True",""
2026-04-29T01:09:17.4725956+02:00,8,"DESKTOP-KNEKQN9\Acc2","searchhost",21612,0,81.51,133.61,21,985,"Normal","True",""
2026-04-29T01:09:17.4725956+02:00,8,"DESKTOP-KNEKQN9\Acc2","runtimebroker",21808,0,6.68,41.95,14,524,"Normal","True",""
2026-04-29T01:09:17.4725956+02:00,8,"DESKTOP-KNEKQN9\Acc4","dllhost",22272,0,2.15,13.06,5,181,"Normal","True",""
2026-04-29T01:09:17.4725956+02:00,8,"DESKTOP-KNEKQN9\Acc2","msedgewebview2",22388,0,39.02,116.12,48,1198,"Normal","True",""
2026-04-29T01:09:17.4725956+02:00,8,"DESKTOP-KNEKQN9\Acc2","msedgewebview2",22452,0,2.43,9.57,10,148,"Normal","True",""
2026-04-29T01:09:17.4725956+02:00,8,"DESKTOP-KNEKQN9\Acc2","msedgewebview2",16308,0,70.56,59.18,39,592,"AboveNormal","True",""
2026-04-29T01:09:17.4725956+02:00,8,"DESKTOP-KNEKQN9\Acc2","msedgewebview2",22236,0,13.06,35.88,24,324,"Normal","True",""
2026-04-29T01:09:17.4725956+02:00,8,"DESKTOP-KNEKQN9\Acc2","msedgewebview2",22460,0,9.47,19.43,10,172,"Normal","True",""
2026-04-29T01:09:17.4725956+02:00,8,"DESKTOP-KNEKQN9\Acc2","msedgewebview2",22564,0,51.33,90.56,25,302,"Normal","True",""
2026-04-29T01:09:17.4725956+02:00,8,"DESKTOP-KNEKQN9\Acc4","startmenuexperiencehost",23476,0,95.57,134.99,25,944,"Normal","True",""
2026-04-29T01:09:17.4725956+02:00,8,"DESKTOP-KNEKQN9\Acc4","searchhost",23488,0,81.65,133.61,21,985,"Normal","True",""
2026-04-29T01:09:17.4725956+02:00,8,"DESKTOP-KNEKQN9\Acc4","runtimebroker",6444,0,6.71,41.98,14,522,"Normal","True",""
2026-04-29T01:09:17.4725956+02:00,8,"DESKTOP-KNEKQN9\Acc4","msedgewebview2",15556,0,39.88,116.77,48,1205,"Normal","True",""
2026-04-29T01:09:17.4725956+02:00,8,"DESKTOP-KNEKQN9\Acc4","msedgewebview2",13572,0,2.46,9.58,11,148,"Normal","True",""
2026-04-29T01:09:17.4725956+02:00,8,"DESKTOP-KNEKQN9\Acc4","msedgewebview2",23364,0,70.2,62.59,43,607,"AboveNormal","True",""
2026-04-29T01:09:17.4725956+02:00,8,"DESKTOP-KNEKQN9\Acc4","msedgewebview2",13568,0,13.01,35.91,24,322,"Normal","True",""
2026-04-29T01:09:17.4725956+02:00,8,"DESKTOP-KNEKQN9\Acc4","msedgewebview2",22816,0,9.41,19.32,10,171,"Normal","True",""
2026-04-29T01:09:17.4725956+02:00,8,"DESKTOP-KNEKQN9\Acc3","ctfmon",23668,0,5.24,27.13,21,513,"High","True",""
2026-04-29T01:09:17.4725956+02:00,8,"DESKTOP-KNEKQN9\Acc4","msedgewebview2",23764,0,52.64,92.81,25,302,"Normal","True",""
2026-04-29T01:09:17.4725956+02:00,8,"DESKTOP-KNEKQN9\Acc1","ctfmon",18456,0,5.14,27.06,21,513,"High","True",""
2026-04-29T01:09:17.4725956+02:00,8,"DESKTOP-KNEKQN9\Acc3","textinputhost",24152,0,48.55,96.14,20,922,"High","True",""
2026-04-29T01:09:17.4725956+02:00,8,"DESKTOP-KNEKQN9\Acc2","ctfmon",18672,0,5.16,27.07,21,511,"High","True",""
2026-04-29T01:09:17.4725956+02:00,8,"DESKTOP-KNEKQN9\Acc1","textinputhost",18424,0,48.56,96.14,19,920,"High","True",""
2026-04-29T01:09:17.4725956+02:00,8,"DESKTOP-KNEKQN9\Acc2","textinputhost",15552,0,65.85,93.36,29,1011,"High","True",""
2026-04-29T01:09:17.4725956+02:00,8,"DESKTOP-KNEKQN9\Acc4","ctfmon",12160,0,5.05,25.92,21,506,"High","True",""
2026-04-29T01:09:17.4725956+02:00,8,"DESKTOP-KNEKQN9\Acc4","textinputhost",20228,0,63.57,84.27,27,932,"High","True",""
2026-04-29T01:09:17.4725956+02:00,8,"DESKTOP-KNEKQN9\Acc3","rtkauduservice64",24092,0,3.41,7.24,9,349,"BelowNormal","True",""
2026-04-29T01:09:17.4725956+02:00,8,"DESKTOP-KNEKQN9\Acc1","rtkauduservice64",9284,0,3.48,7.2,9,349,"BelowNormal","True",""
2026-04-29T01:09:17.4725956+02:00,8,"DESKTOP-KNEKQN9\Acc2","rtkauduservice64",15604,0,3.33,7.21,9,349,"BelowNormal","True",""
2026-04-29T01:09:17.4725956+02:00,8,"DESKTOP-KNEKQN9\Acc4","rtkauduservice64",14504,0,3.39,7.34,9,349,"BelowNormal","True",""
2026-04-29T01:09:17.4725956+02:00,8,"DESKTOP-KNEKQN9\Asus","taskmgr",14540,0.23,87.53,151.97,24,1038,"AboveNormal","True",""
2026-04-29T01:09:17.4725956+02:00,8,"DESKTOP-KNEKQN9\Asus","powershell",15524,0.27,89.17,110.83,13,657,"AboveNormal","True",""
